Id,Label
0,11
1,62
2,17
3,77
4,15
5,56
6,40
7,13
8,63
9,21
10,20
11,96
12,42
13,0
14,17
15,45
16,42
17,16
18,30
19,4
20,21
21,54
22,71
23,5
24,33
25,7
26,5
27,0
28,27
29,97
30,14
31,3
32,2
33,55
34,18
35,86
36,3
37,92
38,66
39,27
40,3
41,62
42,44
43,24
44,74
45,13
46,12
47,75
48,12
49,78
50,82
51,96
52,18
53,86
54,35
55,80
56,27
57,45
58,26
59,2
60,5
61,79
62,39
63,76
64,47
65,27
66,90
67,81
68,51
69,74
70,49
71,61
72,30
73,40
74,76
75,3
76,19
77,58
78,70
79,71
80,25
81,9
82,44
83,32
84,69
85,70
86,6
87,51
88,0
89,37
90,12
91,17
92,12
93,96
94,89
95,80
96,15
97,63
98,76
99,23
100,47
101,38
102,15
103,87
104,99
105,57
106,73
107,15
108,55
109,61
110,51
111,62
112,78
113,13
114,67
115,13
116,45
117,4
118,84
119,94
120,40
121,42
122,28
123,68
124,15
125,55
126,61
127,79
128,0
129,49
130,54
131,21
132,94
133,79
134,30
135,53
136,2
137,89
138,36
139,57
140,13
141,92
142,22
143,12
144,53
145,48
146,32
147,6
148,43
149,19
150,33
151,61
152,66
153,4
154,8
155,44
156,14
157,31
158,7
159,30
160,0
161,10
162,16
163,95
164,17
165,10
166,78
167,35
168,16
169,22
170,72
171,71
172,52
173,40
174,6
175,41
176,20
177,6
178,18
179,74
180,88
181,31
182,0
183,36
184,51
185,87
186,52
187,30
188,93
189,1
190,18
191,60
192,40
193,15
194,15
195,6
196,57
197,75
198,30
199,81
200,40
201,87
202,62
203,21
204,44
205,15
206,10
207,22
208,52
209,21
210,41
211,88
212,20
213,22
214,2
215,32
216,25
217,20
218,2
219,59
220,35
221,15
222,23
223,86
224,3
225,7
226,53
227,35
228,13
229,52
230,2
231,43
232,1
233,99
234,15
235,30
236,99
237,12
238,37
239,2
240,5
241,41
242,3
243,20
244,31
245,73
246,69
247,28
248,73
249,64
250,60
251,37
252,0
253,78
254,4
255,44
256,84
257,97
258,20
259,19
260,94
261,15
262,25
263,90
264,18
265,24
266,41
267,61
268,91
269,81
270,35
271,50
272,98
273,48
274,85
275,11
276,28
277,90
278,87
279,36
280,77
281,76
282,24
283,38
284,66
285,74
286,35
287,42
288,43
289,14
290,7
291,6
292,3
293,47
294,68
295,1
296,24
297,49
298,56
299,20
300,34
301,83
302,47
303,28
304,64
305,48
306,32
307,11
308,48
309,63
310,7
311,76
312,38
313,43
314,25
315,3
316,96
317,51
318,91
319,5
320,6
321,30
322,28
323,35
324,51
325,77
326,33
327,83
328,2
329,47
330,37
331,88
332,56
333,89
334,44
335,45
336,57
337,12
338,9
339,52
340,9
341,68
342,92
343,17
344,28
345,54
346,15
347,69
348,13
349,52
350,15
351,26
352,12
353,44
354,79
355,18
356,7
357,35
358,48
359,45
360,0
361,27
362,20
363,55
364,28
365,63
366,59
367,48
368,82
369,76
370,69
371,35
372,23
373,18
374,13
375,76
376,65
377,8
378,55
379,92
380,47
381,5
382,59
383,1
384,56
385,70
386,3
387,3
388,62
389,26
390,87
391,45
392,5
393,7
394,12
395,20
396,48
397,38
398,42
399,59
400,5
401,70
402,39
403,51
404,77
405,48
406,44
407,21
408,82
409,70
410,14
411,2
412,52
413,2
414,87
415,54
416,40
417,17
418,72
419,53
420,75
421,48
422,40
423,26
424,11
425,0
426,28
427,15
428,30
429,88
430,74
431,0
432,33
433,97
434,80
435,12
436,58
437,77
438,30
439,90
440,18
441,58
442,19
443,10
444,96
445,69
446,14
447,92
448,97
449,48
450,35
451,6
452,76
453,24
454,77
455,18
456,28
457,71
458,94
459,2
460,5
461,66
462,19
463,41
464,34
465,55
466,86
467,69
468,7
469,17
470,28
471,34
472,48
473,97
474,2
475,10
476,78
477,47
478,47
479,30
480,21
481,50
482,11
483,30
484,6
485,11
486,32
487,55
488,71
489,59
490,40
491,40
492,10
493,23
494,49
495,61
496,2
497,22
498,9
499,98
500,31
501,20
502,30
503,33
504,3
505,68
506,77
507,40
508,25
509,18
510,11
511,35
512,95
513,41
514,30
515,38
516,81
517,49
518,40
519,4
520,22
521,35
522,83
523,56
524,3
525,57
526,77
527,36
528,76
529,82
530,70
531,53
532,49
533,32
534,9
535,58
536,30
537,30
538,32
539,42
540,24
541,29
542,2
543,49
544,3
545,30
546,58
547,51
548,12
549,58
550,0
551,92
552,15
553,2
554,84
555,56
556,48
557,45
558,82
559,50
560,32
561,13
562,4
563,31
564,54
565,25
566,99
567,8
568,11
569,81
570,61
571,25
572,54
573,53
574,40
575,43
576,96
577,50
578,94
579,7
580,72
581,38
582,6
583,30
584,15
585,71
586,25
587,90
588,8
589,49
590,10
591,60
592,74
593,13
594,43
595,86
596,5
597,49
598,17
599,75
600,53
601,28
602,73
603,90
604,34
605,12
606,41
607,94
608,27
609,18
610,86
611,40
612,12
613,88
614,54
615,69
616,79
617,13
618,68
619,12
620,10
621,41
622,48
623,89
624,56
625,91
626,89
627,75
628,23
629,48
630,69
631,18
632,28
633,43
634,85
635,11
636,32
637,51
638,27
639,59
640,42
641,44
642,66
643,51
644,29
645,52
646,91
647,45
648,8
649,8
650,49
651,4
652,91
653,16
654,21
655,1
656,52
657,28
658,78
659,0
660,13
661,25
662,97
663,21
664,13
665,41
666,73
667,30
668,35
669,46
670,52
671,61
672,51
673,3
674,62
675,44
676,14
677,40
678,56
679,2
680,40
681,93
682,15
683,35
684,81
685,48
686,25
687,13
688,0
689,38
690,74
691,8
692,39
693,27
694,3
695,51
696,3
697,78
698,52
699,53
700,89
701,82
702,67
703,86
704,0
705,75
706,38
707,35
708,69
709,7
710,32
711,24
712,64
713,10
714,3
715,55
716,84
717,83
718,80
719,78
720,60
721,12
722,38
723,2
724,23
725,30
726,68
727,27
728,30
729,6
730,71
731,6
732,94
733,61
734,56
735,10
736,1
737,5
738,85
739,97
740,79
741,8
742,35
743,8
744,86
745,67
746,82
747,86
748,52
749,3
750,56
751,33
752,21
753,85
754,50
755,69
756,22
757,49
758,46
759,4
760,71
761,34
762,51
763,0
764,6
765,40
766,94
767,8
768,61
769,53
770,57
771,59
772,0
773,69
774,3
775,92
776,62
777,20
778,9
779,21
780,32
781,27
782,27
783,23
784,58
785,11
786,73
787,17
788,13
789,18
790,78
791,35
792,16
793,2
794,0
795,9
796,76
797,82
798,34
799,37
800,5
801,4
802,74
803,66
804,25
805,66
806,92
807,11
808,90
809,60
810,48
811,83
812,75
813,29
814,30
815,99
816,28
817,56
818,31
819,75
820,1
821,39
822,4
823,57
824,59
825,29
826,2
827,82
828,17
829,12
830,35
831,43
832,65
833,44
834,49
835,50
836,22
837,24
838,75
839,20
840,66
841,1
842,67
843,96
844,30
845,0
846,10
847,24
848,36
849,35
850,71
851,94
852,9
853,23
854,80
855,23
856,3
857,9
858,57
859,40
860,19
861,6
862,0
863,47
864,91
865,32
866,70
867,15
868,58
869,4
870,14
871,78
872,36
873,49
874,22
875,66
876,0
877,35
878,7
879,8
880,59
881,75
882,39
883,65
884,43
885,78
886,44
887,46
888,61
889,38
890,22
891,71
892,27
893,97
894,33
895,55
896,10
897,6
898,75
899,59
900,49
901,35
902,91
903,71
904,21
905,2
906,38
907,14
908,80
909,60
910,71
911,29
912,23
913,75
914,71
915,52
916,82
917,91
918,20
919,30
920,57
921,85
922,12
923,30
924,65
925,73
926,45
927,50
928,31
929,88
930,51
931,46
932,2
933,35
934,85
935,28
936,32
937,61
938,4
939,13
940,93
941,9
942,73
943,60
944,45
945,15
946,16
947,50
948,51
949,47
950,47
951,27
952,5
953,51
954,35
955,97
956,9
957,57
958,79
959,6
960,43
961,35
962,4
963,51
964,39
965,7
966,99
967,74
968,58
969,11
970,24
971,65
972,73
973,6
974,13
975,19
976,20
977,3
978,30
979,19
980,66
981,37
982,96
983,14
984,35
985,12
986,40
987,70
988,57
989,44
990,67
991,62
992,37
993,99
994,68
995,71
996,64
997,47
998,35
999,46
1000,47
1001,35
1002,97
1003,97
1004,35
1005,0
1006,11
1007,96
1008,40
1009,10
1010,59
1011,42
1012,30
1013,43
1014,34
1015,6
1016,34
1017,41
1018,35
1019,53
1020,34
1021,12
1022,40
1023,3
1024,27
1025,85
1026,61
1027,51
1028,37
1029,39
1030,40
1031,29
1032,13
1033,5
1034,60
1035,44
1036,17
1037,66
1038,62
1039,16
1040,12
1041,29
1042,48
1043,36
1044,82
1045,18
1046,40
1047,11
1048,94
1049,42
1050,60
1051,91
1052,57
1053,1
1054,75
1055,87
1056,11
1057,29
1058,31
1059,45
1060,44
1061,46
1062,9
1063,29
1064,61
1065,48
1066,78
1067,74
1068,16
1069,36
1070,42
1071,6
1072,58
1073,90
1074,58
1075,45
1076,95
1077,65
1078,11
1079,43
1080,66
1081,32
1082,94
1083,29
1084,95
1085,13
1086,34
1087,66
1088,51
1089,19
1090,3
1091,78
1092,8
1093,13
1094,8
1095,49
1096,29
1097,18
1098,32
1099,21
1100,61
1101,23
1102,56
1103,45
1104,7
1105,6
1106,0
1107,66
1108,29
1109,87
1110,91
1111,82
1112,82
1113,68
1114,64
1115,1
1116,36
1117,0
1118,71
1119,16
1120,65
1121,28
1122,35
1123,22
1124,54
1125,66
1126,48
1127,8
1128,38
1129,83
1130,92
1131,80
1132,4
1133,38
1134,86
1135,25
1136,73
1137,52
1138,43
1139,34
1140,87
1141,46
1142,51
1143,48
1144,21
1145,80
1146,38
1147,41
1148,23
1149,0
1150,6
1151,22
1152,24
1153,49
1154,26
1155,14
1156,48
1157,56
1158,17
1159,66
1160,25
1161,54
1162,19
1163,76
1164,32
1165,39
1166,22
1167,15
1168,55
1169,68
1170,4
1171,7
1172,0
1173,3
1174,5
1175,82
1176,43
1177,15
1178,12
1179,10
1180,9
1181,7
1182,13
1183,21
1184,59
1185,30
1186,51
1187,4
1188,92
1189,10
1190,59
1191,87
1192,25
1193,7
1194,47
1195,76
1196,45
1197,86
1198,97
1199,61
1200,2
1201,34
1202,64
1203,52
1204,87
1205,34
1206,0
1207,13
1208,20
1209,56
1210,65
1211,92
1212,30
1213,12
1214,43
1215,3
1216,38
1217,44
1218,21
1219,15
1220,5
1221,88
1222,34
1223,36
1224,8
1225,94
1226,85
1227,97
1228,26
1229,71
1230,23
1231,88
1232,25
1233,25
1234,15
1235,4
1236,73
1237,12
1238,17
1239,25
1240,91
1241,38
1242,21
1243,28
1244,44
1245,2
1246,40
1247,28
1248,8
1249,39
1250,2
1251,80
1252,48
1253,35
1254,75
1255,6
1256,41
1257,74
1258,20
1259,75
1260,17
1261,42
1262,17
1263,20
1264,48
1265,83
1266,96
1267,25
1268,89
1269,20
1270,39
1271,2
1272,57
1273,32
1274,24
1275,69
1276,59
1277,43
1278,63
1279,77
1280,32
1281,40
1282,20
1283,76
1284,43
1285,60
1286,86
1287,49
1288,42
1289,30
1290,53
1291,16
1292,18
1293,94
1294,92
1295,26
1296,47
1297,99
1298,66
1299,3
1300,2
1301,83
1302,75
1303,8
1304,95
1305,87
1306,22
1307,38
1308,29
1309,69
1310,57
1311,16
1312,69
1313,92
1314,95
1315,23
1316,30
1317,12
1318,14
1319,20
1320,33
1321,46
1322,7
1323,62
1324,54
1325,76
1326,86
1327,38
1328,35
1329,29
1330,94
1331,32
1332,38
1333,31
1334,28
1335,62
1336,13
1337,40
1338,35
1339,9
1340,7
1341,19
1342,15
1343,58
1344,16
1345,2
1346,79
1347,48
1348,12
1349,8
1350,2
1351,4
1352,44
1353,75
1354,89
1355,86
1356,26
1357,48
1358,60
1359,17
1360,5
1361,99
1362,57
1363,37
1364,10
1365,99
1366,48
1367,5
1368,10
1369,44
1370,43
1371,50
1372,85
1373,13
1374,4
1375,22
1376,9
1377,19
1378,13
1379,60
1380,14
1381,17
1382,82
1383,47
1384,76
1385,57
1386,23
1387,97
1388,87
1389,21
1390,50
1391,13
1392,78
1393,32
1394,69
1395,23
1396,71
1397,86
1398,10
1399,16
1400,40
1401,27
1402,68
1403,91
1404,65
1405,75
1406,70
1407,85
1408,57
1409,32
1410,33
1411,3
1412,52
1413,29
1414,3
1415,30
1416,20
1417,76
1418,51
1419,9
1420,38
1421,73
1422,6
1423,68
1424,37
1425,75
1426,42
1427,34
1428,4
1429,9
1430,29
1431,21
1432,32
1433,2
1434,26
1435,1
1436,95
1437,12
1438,3
1439,45
1440,12
1441,15
1442,5
1443,76
1444,84
1445,55
1446,4
1447,24
1448,51
1449,0
1450,62
1451,20
1452,1
1453,2
1454,45
1455,78
1456,19
1457,32
1458,15
1459,42
1460,64
1461,18
1462,6
1463,61
1464,66
1465,43
1466,21
1467,33
1468,82
1469,89
1470,8
1471,79
1472,48
1473,0
1474,14
1475,34
1476,49
1477,61
1478,6
1479,16
1480,19
1481,23
1482,11
1483,69
1484,24
1485,7
1486,25
1487,74
1488,20
1489,71
1490,66
1491,13
1492,82
1493,38
1494,13
1495,2
1496,42
1497,27
1498,68
1499,57
1500,82
1501,16
1502,0
1503,3
1504,15
1505,12
1506,44
1507,4
1508,28
1509,24
1510,36
1511,39
1512,53
1513,22
1514,2
1515,76
1516,23
1517,21
1518,44
1519,74
1520,16
1521,8
1522,74
1523,30
1524,43
1525,19
1526,19
1527,3
1528,89
1529,65
1530,5
1531,65
1532,20
1533,66
1534,42
1535,0
1536,35
1537,41
1538,40
1539,55
1540,43
1541,35
1542,61
1543,2
1544,44
1545,15
1546,32
1547,38
1548,68
1549,85
1550,69
1551,0
1552,0
1553,5
1554,3
1555,15
1556,71
1557,30
1558,6
1559,34
1560,2
1561,27
1562,10
1563,6
1564,4
1565,20
1566,40
1567,17
1568,75
1569,33
1570,4
1571,27
1572,40
1573,1
1574,85
1575,47
1576,99
1577,92
1578,15
1579,40
1580,58
1581,37
1582,70
1583,25
1584,41
1585,35
1586,70
1587,69
1588,83
1589,83
1590,42
1591,29
1592,96
1593,81
1594,0
1595,87
1596,13
1597,90
1598,47
1599,39
1600,33
1601,0
1602,30
1603,82
1604,33
1605,30
1606,9
1607,36
1608,35
1609,37
1610,3
1611,24
1612,67
1613,7
1614,1
1615,22
1616,13
1617,13
1618,56
1619,59
1620,48
1621,92
1622,63
1623,1
1624,95
1625,22
1626,63
1627,28
1628,75
1629,2
1630,40
1631,44
1632,63
1633,60
1634,2
1635,67
1636,7
1637,2
1638,44
1639,85
1640,90
1641,40
1642,36
1643,87
1644,4
1645,14
1646,55
1647,7
1648,29
1649,68
1650,81
1651,42
1652,45
1653,87
1654,83
1655,15
1656,22
1657,20
1658,21
1659,6
1660,50
1661,34
1662,16
1663,24
1664,55
1665,39
1666,45
1667,4
1668,97
1669,71
1670,7
1671,10
1672,6
1673,18
1674,76
1675,15
1676,45
1677,53
1678,1
1679,13
1680,47
1681,75
1682,41
1683,20
1684,0
1685,15
1686,96
1687,34
1688,66
1689,45
1690,39
1691,36
1692,51
1693,7
1694,30
1695,1
1696,43
1697,72
1698,37
1699,30
1700,62
1701,0
1702,5
1703,35
1704,52
1705,60
1706,15
1707,81
1708,7
1709,49
1710,18
1711,25
1712,62
1713,0
1714,5
1715,9
1716,76
1717,14
1718,1
1719,68
1720,68
1721,69
1722,0
1723,9
1724,77
1725,41
1726,59
1727,20
1728,4
1729,32
1730,25
1731,59
1732,55
1733,41
1734,68
1735,62
1736,57
1737,28
1738,31
1739,53
1740,21
1741,35
1742,55
1743,33
1744,91
1745,56
1746,24
1747,68
1748,74
1749,64
1750,69
1751,55
1752,70
1753,36
1754,59
1755,13
1756,24
1757,4
1758,13
1759,16
1760,36
1761,59
1762,55
1763,50
1764,31
1765,48
1766,47
1767,31
1768,32
1769,14
1770,92
1771,94
1772,1
1773,66
1774,47
1775,73
1776,67
1777,30
1778,58
1779,9
1780,59
1781,12
1782,71
1783,27
1784,64
1785,29
1786,25
1787,54
1788,25
1789,89
1790,12
1791,37
1792,29
1793,63
1794,21
1795,56
1796,52
1797,39
1798,6
1799,83
1800,11
1801,12
1802,54
1803,2
1804,9
1805,16
1806,46
1807,92
1808,25
1809,33
1810,7
1811,2
1812,41
1813,64
1814,30
1815,35
1816,75
1817,26
1818,81
1819,80
1820,88
1821,8
1822,17
1823,52
1824,16
1825,2
1826,3
1827,0
1828,41
1829,57
1830,57
1831,1
1832,47
1833,41
1834,86
1835,44
1836,90
1837,36
1838,39
1839,0
1840,36
1841,89
1842,32
1843,47
1844,15
1845,98
1846,48
1847,3
1848,35
1849,58
1850,27
1851,5
1852,17
1853,10
1854,47
1855,4
1856,85
1857,29
1858,80
1859,49
1860,23
1861,9
1862,20
1863,75
1864,2
1865,15
1866,56
1867,63
1868,44
1869,5
1870,88
1871,15
1872,6
1873,47
1874,96
1875,30
1876,9
1877,19
1878,60
1879,40
1880,4
1881,39
1882,77
1883,11
1884,15
1885,8
1886,35
1887,71
1888,39
1889,50
1890,75
1891,71
1892,83
1893,21
1894,11
1895,35
1896,91
1897,44
1898,63
1899,50
1900,29
1901,21
1902,98
1903,77
1904,74
1905,82
1906,12
1907,17
1908,71
1909,35
1910,0
1911,15
1912,44
1913,48
1914,56
1915,81
1916,12
1917,40
1918,13
1919,79
1920,75
1921,35
1922,47
1923,81
1924,76
1925,92
1926,0
1927,35
1928,16
1929,34
1930,13
1931,0
1932,61
1933,40
1934,34
1935,46
1936,59
1937,4
1938,19
1939,55
1940,37
1941,38
1942,70
1943,8
1944,35
1945,56
1946,13
1947,76
1948,88
1949,94
1950,41
1951,19
1952,8
1953,37
1954,35
1955,52
1956,47
1957,13
1958,2
1959,89
1960,73
1961,82
1962,58
1963,17
1964,37
1965,49
1966,17
1967,28
1968,32
1969,79
1970,30
1971,14
1972,18
1973,76
1974,15
1975,88
1976,33
1977,19
1978,1
1979,34
1980,15
1981,68
1982,40
1983,59
1984,18
1985,86
1986,16
1987,78
1988,65
1989,92
1990,41
1991,87
1992,44
1993,49
1994,67
1995,96
1996,75
1997,68
1998,55
1999,14
2000,38
2001,84
2002,69
2003,86
2004,39
2005,7
2006,75
2007,62
2008,64
2009,52
2010,44
2011,2
2012,29
2013,18
2014,7
2015,0
2016,77
2017,73
2018,14
2019,10
2020,15
2021,31
2022,54
2023,23
2024,88
2025,86
2026,33
2027,82
2028,90
2029,43
2030,62
2031,5
2032,51
2033,95
2034,48
2035,27
2036,60
2037,3
2038,62
2039,15
2040,97
2041,43
2042,78
2043,19
2044,81
2045,74
2046,49
2047,35
2048,71
2049,96
2050,19
2051,57
2052,84
2053,90
2054,81
2055,13
2056,62
2057,84
2058,89
2059,10
2060,2
2061,47
2062,31
2063,50
2064,57
2065,11
2066,82
2067,46
2068,34
2069,35
2070,23
2071,11
2072,2
2073,27
2074,33
2075,9
2076,23
2077,29
2078,15
2079,23
2080,86
2081,41
2082,3
2083,19
2084,87
2085,2
2086,62
2087,27
2088,31
2089,93
2090,56
2091,33
2092,30
2093,31
2094,80
2095,35
2096,4
2097,34
2098,16
2099,49
2100,90
2101,10
2102,17
2103,28
2104,76
2105,68
2106,57
2107,21
2108,76
2109,57
2110,52
2111,66
2112,5
2113,44
2114,40
2115,44
2116,82
2117,94
2118,99
2119,63
2120,44
2121,97
2122,90
2123,93
2124,67
2125,45
2126,64
2127,54
2128,66
2129,67
2130,95
2131,28
2132,65
2133,4
2134,94
2135,95
2136,56
2137,21
2138,35
2139,22
2140,78
2141,35
2142,1
2143,44
2144,82
2145,41
2146,82
2147,11
2148,67
2149,23
2150,42
2151,30
2152,66
2153,36
2154,27
2155,9
2156,35
2157,8
2158,46
2159,56
2160,3
2161,18
2162,94
2163,37
2164,73
2165,73
2166,38
2167,40
2168,45
2169,10
2170,32
2171,87
2172,2
2173,39
2174,4
2175,19
2176,27
2177,4
2178,75
2179,15
2180,29
2181,85
2182,94
2183,87
2184,57
2185,63
2186,11
2187,44
2188,70
2189,25
2190,5
2191,66
2192,71
2193,27
2194,10
2195,53
2196,53
2197,35
2198,26
2199,59
2200,59
2201,30
2202,76
2203,2
2204,18
2205,11
2206,74
2207,23
2208,12
2209,20
2210,14
2211,2
2212,94
2213,11
2214,33
2215,12
2216,66
2217,74
2218,50
2219,15
2220,11
2221,62
2222,12
2223,75
2224,0
2225,30
2226,37
2227,75
2228,55
2229,35
2230,83
2231,14
2232,15
2233,44
2234,85
2235,12
2236,9
2237,80
2238,48
2239,85
2240,1
2241,36
2242,18
2243,56
2244,2
2245,73
2246,53
2247,48
2248,32
2249,46
2250,48
2251,96
2252,44
2253,92
2254,54
2255,35
2256,66
2257,36
2258,88
2259,89
2260,62
2261,16
2262,10
2263,60
2264,39
2265,62
2266,41
2267,34
2268,65
2269,35
2270,95
2271,0
2272,93
2273,6
2274,30
2275,73
2276,99
2277,26
2278,45
2279,68
2280,13
2281,64
2282,50
2283,49
2284,93
2285,28
2286,26
2287,26
2288,15
2289,18
2290,16
2291,55
2292,61
2293,15
2294,81
2295,98
2296,6
2297,63
2298,90
2299,16
2300,82
2301,73
2302,99
2303,21
2304,87
2305,62
2306,53
2307,5
2308,60
2309,24
2310,65
2311,78
2312,35
2313,22
2314,14
2315,49
2316,71
2317,54
2318,86
2319,71
2320,85
2321,61
2322,88
2323,83
2324,42
2325,81
2326,19
2327,76
2328,36
2329,94
2330,61
2331,57
2332,45
2333,4
2334,5
2335,10
2336,2
2337,8
2338,20
2339,19
2340,79
2341,38
2342,9
2343,28
2344,97
2345,0
2346,84
2347,50
2348,13
2349,39
2350,4
2351,47
2352,83
2353,55
2354,5
2355,35
2356,39
2357,36
2358,92
2359,40
2360,38
2361,12
2362,78
2363,83
2364,52
2365,1
2366,73
2367,78
2368,62
2369,3
2370,62
2371,12
2372,2
2373,46
2374,54
2375,72
2376,87
2377,54
2378,35
2379,39
2380,12
2381,0
2382,12
2383,16
2384,47
2385,31
2386,36
2387,86
2388,2
2389,84
2390,17
2391,38
2392,31
2393,18
2394,25
2395,69
2396,39
2397,16
2398,78
2399,70
2400,24
2401,85
2402,2
2403,35
2404,53
2405,35
2406,5
2407,15
2408,47
2409,94
2410,26
2411,0
2412,22
2413,4
2414,85
2415,48
2416,22
2417,33
2418,23
2419,70
2420,31
2421,39
2422,48
2423,6
2424,15
2425,1
2426,0
2427,21
2428,13
2429,60
2430,43
2431,27
2432,77
2433,30
2434,27
2435,94
2436,9
2437,62
2438,1
2439,87
2440,78
2441,31
2442,19
2443,49
2444,75
2445,17
2446,22
2447,46
2448,35
2449,21
2450,26
2451,81
2452,13
2453,64
2454,8
2455,73
2456,6
2457,76
2458,59
2459,11
2460,62
2461,7
2462,87
2463,71
2464,4
2465,3
2466,97
2467,75
2468,57
2469,86
2470,75
2471,15
2472,40
2473,78
2474,66
2475,11
2476,42
2477,12
2478,40
2479,18
2480,2
2481,2
2482,16
2483,43
2484,24
2485,13
2486,84
2487,6
2488,89
2489,32
2490,31
2491,4
2492,36
2493,13
2494,71
2495,0
2496,82
2497,45
2498,57
2499,75
2500,69
2501,14
2502,37
2503,69
2504,55
2505,65
2506,57
2507,41
2508,72
2509,97
2510,13
2511,23
2512,52
2513,47
2514,35
2515,33
2516,54
2517,2
2518,71
2519,27
2520,65
2521,95
2522,23
2523,4
2524,36
2525,36
2526,39
2527,52
2528,89
2529,11
2530,39
2531,48
2532,85
2533,68
2534,39
2535,82
2536,22
2537,19
2538,41
2539,56
2540,72
2541,34
2542,70
2543,33
2544,96
2545,35
2546,17
2547,86
2548,57
2549,11
2550,25
2551,35
2552,22
2553,14
2554,50
2555,94
2556,33
2557,24
2558,57
2559,20
2560,96
2561,29
2562,15
2563,48
2564,54
2565,54
2566,14
2567,78
2568,26
2569,17
2570,50
2571,69
2572,72
2573,86
2574,19
2575,35
2576,11
2577,88
2578,60
2579,53
2580,2
2581,92
2582,26
2583,57
2584,6
2585,87
2586,35
2587,36
2588,8
2589,58
2590,47
2591,2
2592,43
2593,47
2594,65
2595,68
2596,58
2597,6
2598,21
2599,8
2600,43
2601,0
2602,13
2603,81
2604,57
2605,71
2606,57
2607,49
2608,90
2609,73
2610,56
2611,7
2612,15
2613,8
2614,4
2615,47
2616,10
2617,27
2618,55
2619,29
2620,57
2621,8
2622,27
2623,18
2624,54
2625,82
2626,68
2627,39
2628,36
2629,28
2630,71
2631,19
2632,87
2633,77
2634,42
2635,7
2636,38
2637,4
2638,36
2639,36
2640,49
2641,4
2642,91
2643,94
2644,39
2645,6
2646,9
2647,44
2648,24
2649,7
2650,30
2651,50
2652,38
2653,88
2654,75
2655,75
2656,88
2657,5
2658,42
2659,56
2660,91
2661,22
2662,44
2663,58
2664,86
2665,30
2666,21
2667,12
2668,94
2669,53
2670,0
2671,20
2672,91
2673,6
2674,51
2675,85
2676,72
2677,64
2678,80
2679,70
2680,50
2681,79
2682,34
2683,45
2684,20
2685,41
2686,25
2687,97
2688,83
2689,6
2690,54
2691,12
2692,14
2693,78
2694,17
2695,69
2696,32
2697,89
2698,25
2699,32
2700,61
2701,59
2702,87
2703,28
2704,53
2705,24
2706,14
2707,40
2708,12
2709,76
2710,35
2711,44
2712,48
2713,30
2714,64
2715,37
2716,52
2717,33
2718,49
2719,65
2720,46
2721,73
2722,44
2723,99
2724,90
2725,24
2726,71
2727,85
2728,13
2729,64
2730,27
2731,62
2732,18
2733,41
2734,19
2735,26
2736,57
2737,24
2738,19
2739,52
2740,6
2741,87
2742,18
2743,4
2744,7
2745,42
2746,42
2747,27
2748,40
2749,90
2750,29
2751,67
2752,88
2753,91
2754,86
2755,60
2756,78
2757,92
2758,66
2759,64
2760,93
2761,32
2762,28
2763,13
2764,76
2765,30
2766,47
2767,81
2768,83
2769,45
2770,79
2771,20
2772,31
2773,18
2774,42
2775,15
2776,44
2777,32
2778,25
2779,35
2780,39
2781,35
2782,41
2783,71
2784,5
2785,19
2786,68
2787,36
2788,72
2789,19
2790,9
2791,83
2792,69
2793,57
2794,97
2795,49
2796,4
2797,28
2798,19
2799,73
2800,53
2801,64
2802,94
2803,25
2804,14
2805,87
2806,16
2807,28
2808,38
2809,3
2810,22
2811,26
2812,78
2813,3
2814,43
2815,79
2816,96
2817,89
2818,43
2819,61
2820,1
2821,38
2822,78
2823,24
2824,37
2825,15
2826,57
2827,35
2828,39
2829,42
2830,37
2831,2
2832,66
2833,2
2834,62
2835,13
2836,39
2837,12
2838,16
2839,22
2840,49
2841,4
2842,76
2843,47
2844,54
2845,6
2846,34
2847,21
2848,15
2849,70
2850,62
2851,74
2852,90
2853,17
2854,36
2855,14
2856,76
2857,15
2858,37
2859,28
2860,4
2861,85
2862,16
2863,98
2864,16
2865,54
2866,0
2867,44
2868,87
2869,90
2870,13
2871,75
2872,35
2873,6
2874,0
2875,85
2876,99
2877,0
2878,3
2879,58
2880,68
2881,38
2882,54
2883,1
2884,15
2885,33
2886,23
2887,15
2888,89
2889,7
2890,47
2891,35
2892,30
2893,70
2894,83
2895,20
2896,47
2897,54
2898,9
2899,23
2900,94
2901,56
2902,47
2903,62
2904,19
2905,79
2906,22
2907,82
2908,97
2909,35
2910,60
2911,11
2912,70
2913,11
2914,18
2915,7
2916,5
2917,2
2918,34
2919,26
2920,27
2921,30
2922,25
2923,13
2924,33
2925,26
2926,15
2927,13
2928,33
2929,42
2930,21
2931,34
2932,10
2933,31
2934,77
2935,30
2936,64
2937,28
2938,53
2939,52
2940,20
2941,35
2942,9
2943,53
2944,40
2945,32
2946,23
2947,45
2948,35
2949,41
2950,5
2951,53
2952,92
2953,32
2954,94
2955,17
2956,15
2957,34
2958,11
2959,48
2960,84
2961,62
2962,1
2963,31
2964,4
2965,8
2966,96
2967,92
2968,64
2969,62
2970,37
2971,2
2972,93
2973,19
2974,32
2975,31
2976,41
2977,73
2978,82
2979,21
2980,86
2981,94
2982,12
2983,73
2984,59
2985,73
2986,71
2987,49
2988,96
2989,15
2990,38
2991,66
2992,71
2993,42
2994,37
2995,58
2996,19
2997,24
2998,18
2999,86
3000,13
3001,84
3002,4
3003,8
3004,9
3005,3
3006,9
3007,81
3008,20
3009,54
3010,76
3011,90
3012,34
3013,4
3014,62
3015,79
3016,24
3017,34
3018,4
3019,94
3020,54
3021,43
3022,26
3023,39
3024,34
3025,95
3026,1
3027,19
3028,91
3029,6
3030,17
3031,84
3032,10
3033,63
3034,39
3035,37
3036,7
3037,89
3038,93
3039,87
3040,28
3041,47
3042,55
3043,36
3044,69
3045,41
3046,36
3047,38
3048,59
3049,41
3050,68
3051,50
3052,41
3053,26
3054,33
3055,20
3056,4
3057,81
3058,95
3059,16
3060,32
3061,11
3062,50
3063,22
3064,45
3065,1
3066,14
3067,83
3068,57
3069,4
3070,0
3071,95
3072,44
3073,75
3074,9
3075,78
3076,96
3077,12
3078,16
3079,31
3080,18
3081,78
3082,2
3083,51
3084,0
3085,80
3086,59
3087,33
3088,13
3089,22
3090,11
3091,0
3092,58
3093,96
3094,29
3095,3
3096,13
3097,9
3098,28
3099,16
3100,96
3101,32
3102,45
3103,5
3104,20
3105,1
3106,60
3107,11
3108,99
3109,5
3110,11
3111,7
3112,53
3113,13
3114,47
3115,48
3116,30
3117,35
3118,6
3119,35
3120,88
3121,5
3122,52
3123,43
3124,34
3125,8
3126,20
3127,85
3128,48
3129,23
3130,71
3131,17
3132,3
3133,39
3134,0
3135,32
3136,75
3137,51
3138,97
3139,25
3140,44
3141,82
3142,21
3143,74
3144,17
3145,25
3146,15
3147,74
3148,40
3149,49
3150,28
3151,33
3152,56
3153,16
3154,4
3155,47
3156,85
3157,68
3158,63
3159,7
3160,75
3161,4
3162,38
3163,14
3164,42
3165,70
3166,39
3167,12
3168,6
3169,0
3170,71
3171,18
3172,4
3173,19
3174,52
3175,13
3176,32
3177,22
3178,8
3179,89
3180,74
3181,73
3182,21
3183,19
3184,82
3185,40
3186,55
3187,5
3188,50
3189,79
3190,60
3191,16
3192,41
3193,25
3194,58
3195,69
3196,28
3197,41
3198,12
3199,61
3200,89
3201,40
3202,18
3203,66
3204,11
3205,20
3206,2
3207,21
3208,27
3209,3
3210,8
3211,43
3212,29
3213,12
3214,53
3215,16
3216,26
3217,88
3218,72
3219,95
3220,25
3221,51
3222,8
3223,64
3224,6
3225,0
3226,0
3227,5
3228,0
3229,22
3230,67
3231,11
3232,27
3233,89
3234,52
3235,41
3236,73
3237,59
3238,7
3239,30
3240,42
3241,22
3242,20
3243,27
3244,4
3245,14
3246,31
3247,30
3248,6
3249,58
3250,70
3251,7
3252,75
3253,7
3254,95
3255,63
3256,30
3257,71
3258,11
3259,54
3260,91
3261,44
3262,10
3263,95
3264,89
3265,39
3266,56
3267,68
3268,78
3269,10
3270,94
3271,57
3272,4
3273,60
3274,40
3275,31
3276,19
3277,60
3278,87
3279,33
3280,36
3281,92
3282,37
3283,16
3284,15
3285,56
3286,16
3287,0
3288,87
3289,85
3290,12
3291,52
3292,78
3293,4
3294,30
3295,33
3296,10
3297,47
3298,42
3299,10
3300,61
3301,49
3302,20
3303,42
3304,6
3305,41
3306,82
3307,17
3308,43
3309,0
3310,88
3311,94
3312,12
3313,72
3314,44
3315,79
3316,51
3317,16
3318,5
3319,60
3320,90
3321,83
3322,8
3323,29
3324,28
3325,43
3326,40
3327,68
3328,49
3329,13
3330,0
3331,52
3332,27
3333,87
3334,16
3335,79
3336,4
3337,74
3338,18
3339,42
3340,57
3341,37
3342,39
3343,29
3344,7
3345,17
3346,35
3347,23
3348,94
3349,96
3350,16
3351,86
3352,78
3353,13
3354,52
3355,25
3356,7
3357,66
3358,13
3359,28
3360,38
3361,39
3362,32
3363,0
3364,5
3365,62
3366,74
3367,70
3368,1
3369,5
3370,53
3371,6
3372,81
3373,15
3374,41
3375,97
3376,99
3377,64
3378,7
3379,32
3380,92
3381,13
3382,97
3383,41
3384,17
3385,43
3386,19
3387,16
3388,25
3389,19
3390,51
3391,35
3392,68
3393,45
3394,30
3395,3
3396,13
3397,15
3398,96
3399,58
3400,5
3401,14
3402,23
3403,58
3404,8
3405,15
3406,7
3407,0
3408,70
3409,21
3410,45
3411,3
3412,88
3413,74
3414,12
3415,63
3416,10
3417,13
3418,5
3419,85
3420,17
3421,34
3422,49
3423,8
3424,86
3425,18
3426,11
3427,44
3428,94
3429,27
3430,98
3431,64
3432,12
3433,30
3434,61
3435,19
3436,28
3437,20
3438,39
3439,0
3440,89
3441,50
3442,82
3443,24
3444,68
3445,42
3446,54
3447,95
3448,24
3449,90
3450,70
3451,3
3452,8
3453,6
3454,50
3455,13
3456,24
3457,8
3458,53
3459,13
3460,15
3461,29
3462,18
3463,1
3464,90
3465,63
3466,88
3467,9
3468,57
3469,22
3470,16
3471,17
3472,30
3473,44
3474,14
3475,52
3476,9
3477,3
3478,49
3479,76
3480,3
3481,19
3482,63
3483,25
3484,72
3485,77
3486,39
3487,5
3488,57
3489,2
3490,31
3491,30
3492,99
3493,6
3494,24
3495,37
3496,19
3497,22
3498,30
3499,47
3500,65
3501,16
3502,92
3503,60
3504,41
3505,75
3506,19
3507,94
3508,2
3509,0
3510,25
3511,59
3512,0
3513,52
3514,19
3515,70
3516,2
3517,5
3518,38
3519,3
3520,10
3521,78
3522,14
3523,21
3524,6
3525,66
3526,21
3527,32
3528,59
3529,0
3530,91
3531,54
3532,25
3533,3
3534,48
3535,11
3536,0
3537,15
3538,70
3539,19
3540,2
3541,31
3542,35
3543,41
3544,22
3545,84
3546,69
3547,32
3548,54
3549,69
3550,66
3551,16
3552,54
3553,53
3554,58
3555,34
3556,45
3557,68
3558,32
3559,44
3560,28
3561,63
3562,13
3563,60
3564,37
3565,29
3566,93
3567,32
3568,79
3569,85
3570,15
3571,75
3572,46
3573,84
3574,73
3575,24
3576,25
3577,14
3578,60
3579,41
3580,90
3581,89
3582,26
3583,1
3584,88
3585,72
3586,65
3587,49
3588,30
3589,31
3590,33
3591,69
3592,21
3593,29
3594,33
3595,42
3596,15
3597,63
3598,10
3599,68
3600,62
3601,20
3602,91
3603,90
3604,82
3605,48
3606,64
3607,61
3608,30
3609,91
3610,54
3611,26
3612,2
3613,30
3614,43
3615,9
3616,90
3617,12
3618,91
3619,35
3620,31
3621,14
3622,6
3623,83
3624,1
3625,79
3626,26
3627,42
3628,63
3629,3
3630,4
3631,21
3632,24
3633,90
3634,43
3635,27
3636,52
3637,77
3638,67
3639,5
3640,45
3641,58
3642,5
3643,11
3644,9
3645,57
3646,29
3647,16
3648,15
3649,3
3650,32
3651,95
3652,19
3653,68
3654,83
3655,44
3656,36
3657,10
3658,21
3659,40
3660,40
3661,74
3662,42
3663,7
3664,55
3665,3
3666,2
3667,23
3668,91
3669,30
3670,24
3671,76
3672,2
3673,11
3674,43
3675,44
3676,81
3677,32
3678,21
3679,12
3680,32
3681,36
3682,6
3683,74
3684,86
3685,61
3686,67
3687,77
3688,51
3689,21
3690,28
3691,54
3692,51
3693,97
3694,17
3695,90
3696,73
3697,87
3698,29
3699,68
3700,60
3701,87
3702,1
3703,27
3704,14
3705,50
3706,36
3707,74
3708,30
3709,5
3710,15
3711,40
3712,59
3713,1
3714,37
3715,33
3716,22
3717,23
3718,16
3719,14
3720,8
3721,87
3722,76
3723,76
3724,46
3725,37
3726,12
3727,57
3728,71
3729,88
3730,60
3731,13
3732,39
3733,10
3734,96
3735,16
3736,42
3737,55
3738,76
3739,85
3740,52
3741,85
3742,34
3743,55
3744,71
3745,92
3746,56
3747,12
3748,39
3749,64
3750,16
3751,62
3752,36
3753,25
3754,12
3755,18
3756,2
3757,43
3758,28
3759,35
3760,43
3761,15
3762,36
3763,54
3764,25
3765,22
3766,6
3767,3
3768,35
3769,82
3770,41
3771,11
3772,21
3773,86
3774,34
3775,20
3776,4
3777,35
3778,33
3779,31
3780,2
3781,23
3782,3
3783,64
3784,70
3785,1
3786,28
3787,3
3788,4
3789,42
3790,8
3791,19
3792,22
3793,59
3794,54
3795,1
3796,21
3797,90
3798,6
3799,45
3800,45
3801,15
3802,95
3803,62
3804,47
3805,79
3806,28
3807,38
3808,74
3809,89
3810,58
3811,10
3812,12
3813,4
3814,20
3815,47
3816,9
3817,97
3818,12
3819,2
3820,33
3821,55
3822,71
3823,36
3824,60
3825,27
3826,23
3827,8
3828,63
3829,18
3830,94
3831,4
3832,50
3833,39
3834,52
3835,23
3836,23
3837,33
3838,7
3839,9
3840,21
3841,15
3842,52
3843,58
3844,13
3845,85
3846,33
3847,26
3848,96
3849,40
3850,70
3851,39
3852,58
3853,23
3854,90
3855,54
3856,92
3857,47
3858,71
3859,76
3860,4
3861,8
3862,68
3863,85
3864,13
3865,53
3866,94
3867,85
3868,30
3869,17
3870,20
3871,80
3872,6
3873,3
3874,47
3875,74
3876,18
3877,1
3878,90
3879,8
3880,72
3881,33
3882,87
3883,17
3884,72
3885,75
3886,33
3887,5
3888,68
3889,3
3890,97
3891,25
3892,43
3893,26
3894,51
3895,6
3896,7
3897,29
3898,76
3899,76
3900,43
3901,16
3902,19
3903,33
3904,64
3905,10
3906,45
3907,11
3908,12
3909,34
3910,4
3911,41
3912,33
3913,21
3914,82
3915,56
3916,83
3917,77
3918,12
3919,57
3920,44
3921,29
3922,25
3923,16
3924,5
3925,7
3926,62
3927,99
3928,66
3929,77
3930,8
3931,35
3932,4
3933,23
3934,62
3935,54
3936,76
3937,97
3938,70
3939,76
3940,21
3941,9
3942,33
3943,74
3944,30
3945,36
3946,15
3947,76
3948,85
3949,35
3950,31
3951,32
3952,66
3953,44
3954,52
3955,87
3956,86
3957,3
3958,82
3959,8
3960,28
3961,6
3962,10
3963,1
3964,42
3965,47
3966,48
3967,18
3968,20
3969,5
3970,49
3971,35
3972,32
3973,84
3974,34
3975,25
3976,13
3977,71
3978,22
3979,26
3980,21
3981,15
3982,35
3983,51
3984,15
3985,70
3986,88
3987,47
3988,16
3989,64
3990,15
3991,21
3992,41
3993,52
3994,87
3995,99
3996,56
3997,37
3998,46
3999,1
4000,61
4001,15
4002,32
4003,44
4004,1
4005,0
4006,11
4007,40
4008,62
4009,28
4010,18
4011,13
4012,62
4013,34
4014,13
4015,53
4016,34
4017,1
4018,96
4019,51
4020,62
4021,44
4022,63
4023,4
4024,91
4025,90
4026,85
4027,46
4028,0
4029,50
4030,2
4031,15
4032,80
4033,75
4034,19
4035,55
4036,18
4037,0
4038,73
4039,58
4040,77
4041,50
4042,89
4043,58
4044,22
4045,58
4046,43
4047,33
4048,25
4049,87
4050,10
4051,37
4052,33
4053,97
4054,85
4055,62
4056,15
4057,49
4058,2
4059,9
4060,25
4061,31
4062,56
4063,27
4064,18
4065,63
4066,35
4067,90
4068,12
4069,49
4070,41
4071,18
4072,29
4073,92
4074,75
4075,85
4076,17
4077,10
4078,92
4079,20
4080,97
4081,3
4082,30
4083,5
4084,0
4085,45
4086,48
4087,15
4088,7
4089,42
4090,34
4091,12
4092,94
4093,23
4094,10
4095,13
4096,75
4097,33
4098,60
4099,53
4100,24
4101,0
4102,51
4103,74
4104,21
4105,54
4106,79
4107,38
4108,33
4109,0
4110,59
4111,60
4112,43
4113,3
4114,17
4115,7
4116,21
4117,12
4118,31
4119,65
4120,72
4121,87
4122,35
4123,50
4124,27
4125,49
4126,29
4127,82
4128,16
4129,89
4130,30
4131,66
4132,33
4133,93
4134,49
4135,97
4136,84
4137,6
4138,0
4139,86
4140,6
4141,0
4142,13
4143,86
4144,41
4145,37
4146,80
4147,9
4148,4
4149,8
4150,11
4151,69
4152,53
4153,49
4154,6
4155,89
4156,54
4157,19
4158,44
4159,7
4160,7
4161,70
4162,34
4163,4
4164,36
4165,51
4166,38
4167,52
4168,43
4169,39
4170,28
4171,62
4172,57
4173,5
4174,93
4175,32
4176,0
4177,1
4178,28
4179,31
4180,17
4181,95
4182,40
4183,40
4184,77
4185,51
4186,64
4187,40
4188,72
4189,20
4190,4
4191,94
4192,0
4193,53
4194,80
4195,80
4196,37
4197,87
4198,62
4199,22
4200,3
4201,14
4202,70
4203,70
4204,35
4205,27
4206,0
4207,1
4208,2
4209,58
4210,37
4211,67
4212,54
4213,92
4214,47
4215,77
4216,79
4217,55
4218,30
4219,56
4220,18
4221,73
4222,8
4223,55
4224,36
4225,82
4226,6
4227,71
4228,33
4229,23
4230,32
4231,70
4232,71
4233,7
4234,89
4235,11
4236,71
4237,55
4238,85
4239,28
4240,67
4241,94
4242,30
4243,88
4244,50
4245,94
4246,53
4247,36
4248,30
4249,47
4250,16
4251,31
4252,40
4253,33
4254,91
4255,71
4256,34
4257,50
4258,56
4259,61
4260,24
4261,4
4262,71
4263,73
4264,59
4265,19
4266,62
4267,73
4268,15
4269,54
4270,34
4271,30
4272,84
4273,82
4274,84
4275,62
4276,62
4277,58
4278,7
4279,98
4280,32
4281,26
4282,42
4283,34
4284,68
4285,76
4286,76
4287,70
4288,54
4289,47
4290,29
4291,50
4292,63
4293,16
4294,26
4295,28
4296,40
4297,66
4298,8
4299,13
4300,10
4301,65
4302,55
4303,59
4304,19
4305,67
4306,14
4307,8
4308,10
4309,12
4310,76
4311,59
4312,6
4313,22
4314,69
4315,76
4316,48
4317,49
4318,8
4319,1
4320,81
4321,23
4322,64
4323,54
4324,2
4325,17
4326,29
4327,36
4328,12
4329,68
4330,40
4331,35
4332,73
4333,81
4334,51
4335,15
4336,22
4337,13
4338,14
4339,44
4340,50
4341,15
4342,41
4343,16
4344,55
4345,29
4346,53
4347,94
4348,79
4349,37
4350,25
4351,81
4352,10
4353,21
4354,50
4355,9
4356,95
4357,1
4358,68
4359,59
4360,54
4361,8
4362,59
4363,5
4364,24
4365,34
4366,45
4367,87
4368,59
4369,83
4370,82
4371,21
4372,15
4373,61
4374,44
4375,75
4376,21
4377,35
4378,15
4379,87
4380,30
4381,27
4382,11
4383,62
4384,74
4385,87
4386,85
4387,8
4388,39
4389,69
4390,53
4391,91
4392,92
4393,29
4394,28
4395,14
4396,44
4397,47
4398,5
4399,45
4400,92
4401,74
4402,25
4403,97
4404,54
4405,59
4406,95
4407,74
4408,60
4409,91
4410,11
4411,18
4412,15
4413,53
4414,6
4415,66
4416,71
4417,73
4418,53
4419,62
4420,85
4421,47
4422,11
4423,49
4424,5
4425,81
4426,17
4427,6
4428,48
4429,1
4430,68
4431,46
4432,3
4433,58
4434,81
4435,13
4436,54
4437,77
4438,3
4439,32
4440,44
4441,68
4442,31
4443,92
4444,46
4445,6
4446,4
4447,53
4448,38
4449,30
4450,76
4451,3
4452,0
4453,58
4454,20
4455,82
4456,89
4457,30
4458,42
4459,62
4460,1
4461,63
4462,5
4463,1
4464,21
4465,51
4466,54
4467,62
4468,20
4469,11
4470,82
4471,69
4472,96
4473,48
4474,31
4475,93
4476,39
4477,26
4478,23
4479,19
4480,56
4481,50
4482,57
4483,19
4484,68
4485,16
4486,64
4487,50
4488,7
4489,73
4490,26
4491,14
4492,62
4493,94
4494,47
4495,43
4496,23
4497,14
4498,24
4499,62
4500,13
4501,19
4502,68
4503,63
4504,74
4505,35
4506,32
4507,93
4508,83
4509,54
4510,34
4511,74
4512,15
4513,43
4514,86
4515,17
4516,80
4517,23
4518,40
4519,62
4520,29
4521,41
4522,2
4523,30
4524,12
4525,9
4526,61
4527,31
4528,42
4529,76
4530,28
4531,36
4532,17
4533,42
4534,89
4535,68
4536,16
4537,52
4538,10
4539,6
4540,42
4541,30
4542,40
4543,17
4544,70
4545,46
4546,2
4547,52
4548,26
4549,47
4550,61
4551,43
4552,70
4553,94
4554,56
4555,8
4556,5
4557,29
4558,78
4559,54
4560,50
4561,47
4562,21
4563,49
4564,53
4565,1
4566,2
4567,70
4568,22
4569,30
4570,49
4571,53
4572,53
4573,43
4574,87
4575,42
4576,59
4577,3
4578,54
4579,88
4580,96
4581,14
4582,11
4583,76
4584,76
4585,21
4586,94
4587,20
4588,35
4589,51
4590,76
4591,76
4592,62
4593,47
4594,63
4595,80
4596,81
4597,50
4598,11
4599,3
4600,49
4601,43
4602,62
4603,19
4604,76
4605,94
4606,23
4607,94
4608,22
4609,83
4610,4
4611,27
4612,21
4613,81
4614,0
4615,79
4616,32
4617,48
4618,4
4619,9
4620,49
4621,37
4622,0
4623,54
4624,30
4625,16
4626,63
4627,84
4628,35
4629,2
4630,21
4631,81
4632,71
4633,24
4634,82
4635,64
4636,81
4637,64
4638,62
4639,61
4640,13
4641,73
4642,56
4643,21
4644,21
4645,84
4646,73
4647,58
4648,12
4649,91
4650,16
4651,16
4652,84
4653,53
4654,3
4655,3
4656,92
4657,85
4658,15
4659,59
4660,32
4661,75
4662,13
4663,17
4664,27
4665,63
4666,30
4667,76
4668,1
4669,60
4670,78
4671,68
4672,84
4673,74
4674,89
4675,85
4676,10
4677,1
4678,15
4679,30
4680,9
4681,41
4682,70
4683,31
4684,10
4685,76
4686,69
4687,72
4688,16
4689,95
4690,69
4691,65
4692,39
4693,19
4694,82
4695,3
4696,46
4697,35
4698,39
4699,71
4700,31
4701,34
4702,6
4703,75
4704,73
4705,5
4706,74
4707,62
4708,81
4709,54
4710,67
4711,18
4712,80
4713,53
4714,15
4715,62
4716,58
4717,32
4718,33
4719,3
4720,5
4721,42
4722,97
4723,28
4724,28
4725,28
4726,94
4727,16
4728,65
4729,61
4730,29
4731,11
4732,96
4733,97
4734,17
4735,94
4736,59
4737,2
4738,13
4739,80
4740,93
4741,53
4742,1
4743,8
4744,87
4745,2
4746,4
4747,20
4748,58
4749,24
4750,10
4751,5
4752,97
4753,25
4754,14
4755,11
4756,14
4757,52
4758,32
4759,38
4760,63
4761,0
4762,60
4763,28
4764,61
4765,36
4766,2
4767,48
4768,1
4769,75
4770,27
4771,86
4772,40
4773,16
4774,73
4775,35
4776,57
4777,44
4778,16
4779,4
4780,39
4781,47
4782,50
4783,66
4784,46
4785,76
4786,94
4787,84
4788,6
4789,40
4790,75
4791,38
4792,3
4793,38
4794,50
4795,99
4796,5
4797,64
4798,71
4799,96
4800,3
4801,54
4802,83
4803,20
4804,60
4805,1
4806,74
4807,81
4808,18
4809,58
4810,81
4811,55
4812,63
4813,97
4814,80
4815,85
4816,4
4817,69
4818,37
4819,2
4820,99
4821,89
4822,3
4823,58
4824,14
4825,83
4826,47
4827,36
4828,5
4829,35
4830,26
4831,48
4832,35
4833,61
4834,16
4835,62
4836,68
4837,6
4838,35
4839,68
4840,85
4841,97
4842,50
4843,78
4844,8
4845,31
4846,57
4847,21
4848,18
4849,7
4850,3
4851,20
4852,63
4853,6
4854,36
4855,23
4856,39
4857,81
4858,29
4859,6
4860,25
4861,42
4862,94
4863,97
4864,31
4865,63
4866,32
4867,24
4868,44
4869,43
4870,35
4871,47
4872,24
4873,26
4874,53
4875,51
4876,46
4877,86
4878,1
4879,74
4880,73
4881,28
4882,11
4883,69
4884,97
4885,17
4886,37
4887,65
4888,21
4889,4
4890,67
4891,35
4892,2
4893,77
4894,18
4895,46
4896,13
4897,91
4898,55
4899,4
4900,66
4901,30
4902,49
4903,12
4904,43
4905,52
4906,21
4907,62
4908,47
4909,12
4910,82
4911,86
4912,56
4913,94
4914,80
4915,76
4916,10
4917,84
4918,87
4919,91
4920,11
4921,10
4922,32
4923,15
4924,29
4925,33
4926,5
4927,49
4928,84
4929,13
4930,61
4931,24
4932,20
4933,58
4934,29
4935,94
4936,71
4937,84
4938,17
4939,0
4940,3
4941,6
4942,46
4943,60
4944,44
4945,11
4946,22
4947,38
4948,3
4949,57
4950,79
4951,69
4952,13
4953,21
4954,67
4955,68
4956,25
4957,23
4958,34
4959,22
4960,30
4961,85
4962,71
4963,93
4964,27
4965,64
4966,38
4967,47
4968,44
4969,65
4970,48
4971,34
4972,96
4973,55
4974,23
4975,65
4976,61
4977,84
4978,35
4979,31
4980,12
4981,91
4982,77
4983,10
4984,24
4985,0
4986,30
4987,32
4988,71
4989,45
4990,78
4991,71
4992,96
4993,87
4994,11
4995,56
4996,37
4997,57
4998,71
4999,37
5000,9
5001,85
5002,70
5003,70
5004,18
5005,31
5006,47
5007,19
5008,7
5009,8
5010,62
5011,47
5012,13
5013,55
5014,82
5015,75
5016,73
5017,77
5018,42
5019,30
5020,91
5021,68
5022,76
5023,19
5024,23
5025,15
5026,30
5027,80
5028,67
5029,87
5030,5
5031,75
5032,37
5033,29
5034,15
5035,69
5036,57
5037,48
5038,78
5039,60
5040,3
5041,97
5042,60
5043,92
5044,11
5045,9
5046,83
5047,45
5048,1
5049,4
5050,29
5051,19
5052,91
5053,13
5054,57
5055,46
5056,37
5057,5
5058,7
5059,21
5060,85
5061,95
5062,35
5063,41
5064,43
5065,74
5066,3
5067,48
5068,30
5069,40
5070,47
5071,19
5072,38
5073,73
5074,38
5075,17
5076,92
5077,97
5078,92
5079,90
5080,5
5081,32
5082,85
5083,11
5084,35
5085,82
5086,70
5087,1
5088,44
5089,2
5090,31
5091,28
5092,27
5093,25
5094,15
5095,96
5096,50
5097,91
5098,81
5099,66
5100,57
5101,12
5102,69
5103,90
5104,60
5105,98
5106,8
5107,8
5108,25
5109,55
5110,59
5111,52
5112,2
5113,66
5114,94
5115,1
5116,11
5117,12
5118,43
5119,20
5120,10
5121,75
5122,11
5123,47
5124,76
5125,16
5126,71
5127,41
5128,53
5129,43
5130,62
5131,58
5132,94
5133,21
5134,39
5135,43
5136,16
5137,76
5138,64
5139,26
5140,72
5141,48
5142,57
5143,76
5144,6
5145,3
5146,40
5147,38
5148,13
5149,75
5150,75
5151,70
5152,18
5153,78
5154,34
5155,54
5156,12
5157,73
5158,19
5159,19
5160,29
5161,52
5162,9
5163,80
5164,61
5165,75
5166,64
5167,50
5168,27
5169,92
5170,70
5171,0
5172,30
5173,85
5174,81
5175,0
5176,42
5177,3
5178,55
5179,49
5180,97
5181,85
5182,11
5183,59
5184,59
5185,60
5186,0
5187,74
5188,29
5189,11
5190,5
5191,46
5192,90
5193,20
5194,74
5195,18
5196,64
5197,45
5198,16
5199,59
5200,11
5201,35
5202,19
5203,61
5204,13
5205,95
5206,52
5207,15
5208,83
5209,91
5210,56
5211,35
5212,49
5213,3
5214,81
5215,26
5216,94
5217,37
5218,17
5219,43
5220,4
5221,33
5222,40
5223,13
5224,2
5225,25
5226,71
5227,12
5228,6
5229,90
5230,47
5231,69
5232,13
5233,16
5234,18
5235,64
5236,35
5237,69
5238,10
5239,12
5240,96
5241,36
5242,3
5243,17
5244,57
5245,93
5246,89
5247,28
5248,83
5249,77
5250,13
5251,0
5252,76
5253,13
5254,37
5255,22
5256,42
5257,32
5258,21
5259,11
5260,84
5261,63
5262,14
5263,84
5264,3
5265,71
5266,63
5267,10
5268,30
5269,40
5270,15
5271,28
5272,34
5273,23
5274,36
5275,51
5276,41
5277,1
5278,71
5279,40
5280,12
5281,2
5282,24
5283,3
5284,61
5285,85
5286,59
5287,13
5288,45
5289,61
5290,71
5291,44
5292,34
5293,4
5294,55
5295,34
5296,62
5297,78
5298,33
5299,82
5300,30
5301,0
5302,75
5303,1
5304,29
5305,39
5306,55
5307,10
5308,58
5309,26
5310,97
5311,37
5312,5
5313,74
5314,29
5315,37
5316,6
5317,10
5318,24
5319,60
5320,16
5321,99
5322,61
5323,30
5324,70
5325,15
5326,97
5327,74
5328,36
5329,77
5330,47
5331,59
5332,64
5333,67
5334,9
5335,2
5336,33
5337,6
5338,35
5339,75
5340,81
5341,50
5342,72
5343,97
5344,12
5345,20
5346,55
5347,48
5348,25
5349,9
5350,21
5351,44
5352,85
5353,5
5354,20
5355,3
5356,10
5357,0
5358,52
5359,94
5360,71
5361,92
5362,55
5363,3
5364,91
5365,13
5366,91
5367,24
5368,19
5369,53
5370,69
5371,57
5372,42
5373,31
5374,26
5375,46
5376,11
5377,96
5378,84
5379,49
5380,87
5381,36
5382,74
5383,64
5384,77
5385,15
5386,38
5387,16
5388,73
5389,0
5390,42
5391,42
5392,17
5393,68
5394,62
5395,88
5396,0
5397,96
5398,11
5399,24
5400,44
5401,86
5402,34
5403,3
5404,96
5405,86
5406,84
5407,92
5408,82
5409,43
5410,69
5411,53
5412,10
5413,54
5414,20
5415,68
5416,64
5417,30
5418,37
5419,49
5420,12
5421,54
5422,67
5423,27
5424,21
5425,6
5426,29
5427,4
5428,38
5429,15
5430,35
5431,6
5432,17
5433,2
5434,86
5435,90
5436,27
5437,35
5438,70
5439,76
5440,19
5441,17
5442,41
5443,79
5444,6
5445,39
5446,17
5447,41
5448,32
5449,46
5450,57
5451,26
5452,68
5453,64
5454,91
5455,42
5456,62
5457,8
5458,35
5459,71
5460,94
5461,47
5462,38
5463,15
5464,22
5465,32
5466,51
5467,79
5468,60
5469,82
5470,26
5471,48
5472,25
5473,30
5474,22
5475,93
5476,83
5477,84
5478,10
5479,13
5480,58
5481,31
5482,76
5483,12
5484,56
5485,19
5486,75
5487,94
5488,68
5489,8
5490,21
5491,13
5492,94
5493,20
5494,49
5495,46
5496,0
5497,96
5498,68
5499,15
5500,39
5501,9
5502,34
5503,36
5504,26
5505,4
5506,76
5507,35
5508,88
5509,48
5510,92
5511,54
5512,20
5513,69
5514,62
5515,2
5516,61
5517,62
5518,6
5519,84
5520,0
5521,1
5522,75
5523,60
5524,30
5525,2
5526,1
5527,46
5528,45
5529,39
5530,54
5531,16
5532,41
5533,79
5534,33
5535,67
5536,92
5537,61
5538,9
5539,63
5540,4
5541,19
5542,22
5543,35
5544,43
5545,45
5546,15
5547,60
5548,3
5549,22
5550,36
5551,85
5552,7
5553,20
5554,65
5555,54
5556,78
5557,14
5558,17
5559,13
5560,77
5561,75
5562,66
5563,56
5564,64
5565,82
5566,71
5567,29
5568,92
5569,28
5570,55
5571,90
5572,59
5573,26
5574,74
5575,18
5576,84
5577,19
5578,30
5579,37
5580,43
5581,87
5582,52
5583,85
5584,26
5585,30
5586,14
5587,90
5588,23
5589,65
5590,60
5591,6
5592,16
5593,59
5594,40
5595,91
5596,8
5597,56
5598,49
5599,54
5600,66
5601,48
5602,86
5603,60
5604,79
5605,32
5606,59
5607,70
5608,61
5609,6
5610,64
5611,45
5612,70
5613,40
5614,16
5615,68
5616,76
5617,6
5618,84
5619,82
5620,61
5621,75
5622,4
5623,46
5624,47
5625,10
5626,74
5627,54
5628,13
5629,49
5630,5
5631,14
5632,93
5633,87
5634,12
5635,98
5636,87
5637,4
5638,29
5639,26
5640,6
5641,37
5642,3
5643,4
5644,11
5645,2
5646,61
5647,24
5648,30
5649,15
5650,23
5651,52
5652,50
5653,83
5654,35
5655,35
5656,16
5657,3
5658,19
5659,14
5660,71
5661,10
5662,35
5663,51
5664,22
5665,47
5666,70
5667,58
5668,47
5669,54
5670,12
5671,7
5672,9
5673,41
5674,45
5675,55
5676,11
5677,95
5678,47
5679,9
5680,87
5681,58
5682,21
5683,25
5684,7
5685,9
5686,39
5687,10
5688,71
5689,30
5690,71
5691,45
5692,99
5693,65
5694,68
5695,5
5696,22
5697,29
5698,0
5699,4
5700,51
5701,27
5702,33
5703,26
5704,8
5705,0
5706,84
5707,57
5708,63
5709,2
5710,12
5711,73
5712,86
5713,10
5714,89
5715,4
5716,69
5717,44
5718,21
5719,50
5720,31
5721,52
5722,15
5723,34
5724,3
5725,72
5726,64
5727,2
5728,4
5729,69
5730,77
5731,16
5732,18
5733,71
5734,7
5735,38
5736,8
5737,33
5738,10
5739,63
5740,70
5741,76
5742,0
5743,4
5744,19
5745,35
5746,42
5747,68
5748,5
5749,20
5750,51
5751,93
5752,58
5753,23
5754,85
5755,73
5756,1
5757,27
5758,97
5759,37
5760,16
5761,25
5762,42
5763,1
5764,34
5765,36
5766,89
5767,47
5768,23
5769,67
5770,45
5771,15
5772,79
5773,31
5774,35
5775,69
5776,6
5777,19
5778,12
5779,39
5780,71
5781,89
5782,17
5783,13
5784,4
5785,37
5786,53
5787,54
5788,68
5789,7
5790,70
5791,83
5792,16
5793,10
5794,91
5795,27
5796,4
5797,0
5798,93
5799,15
5800,49
5801,36
5802,18
5803,62
5804,51
5805,89
5806,38
5807,2
5808,3
5809,84
5810,82
5811,4
5812,5
5813,25
5814,61
5815,96
5816,60
5817,23
5818,6
5819,42
5820,87
5821,94
5822,60
5823,15
5824,35
5825,91
5826,53
5827,70
5828,54
5829,16
5830,29
5831,36
5832,76
5833,57
5834,32
5835,13
5836,62
5837,47
5838,69
5839,87
5840,0
5841,88
5842,11
5843,43
5844,0
5845,96
5846,94
5847,36
5848,36
5849,7
5850,11
5851,0
5852,59
5853,49
5854,6
5855,67
5856,79
5857,79
5858,70
5859,25
5860,99
5861,18
5862,6
5863,22
5864,49
5865,88
5866,67
5867,95
5868,17
5869,11
5870,15
5871,35
5872,20
5873,1
5874,24
5875,21
5876,69
5877,5
5878,96
5879,87
5880,9
5881,33
5882,49
5883,79
5884,35
5885,24
5886,47
5887,46
5888,81
5889,11
5890,47
5891,15
5892,14
5893,66
5894,7
5895,23
5896,38
5897,37
5898,53
5899,3
5900,2
5901,44
5902,53
5903,53
5904,37
5905,23
5906,44
5907,15
5908,3
5909,17
5910,45
5911,16
5912,13
5913,77
5914,35
5915,17
5916,14
5917,2
5918,96
5919,58
5920,97
5921,45
5922,0
5923,61
5924,26
5925,60
5926,1
5927,28
5928,36
5929,17
5930,30
5931,92
5932,28
5933,97
5934,43
5935,29
5936,59
5937,4
5938,93
5939,19
5940,70
5941,5
5942,23
5943,65
5944,16
5945,63
5946,35
5947,4
5948,66
5949,54
5950,53
5951,1
5952,5
5953,94
5954,69
5955,57
5956,2
5957,24
5958,68
5959,64
5960,62
5961,39
5962,74
5963,31
5964,76
5965,57
5966,29
5967,51
5968,96
5969,93
5970,35
5971,83
5972,56
5973,2
5974,28
5975,35
5976,8
5977,41
5978,49
5979,35
5980,71
5981,28
5982,30
5983,79
5984,52
5985,69
5986,82
5987,95
5988,73
5989,22
5990,15
5991,46
5992,71
5993,5
5994,30
5995,26
5996,8
5997,33
5998,91
5999,61
6000,17
6001,0
6002,15
6003,0
6004,21
6005,59
6006,25
6007,65
6008,50
6009,55
6010,7
6011,20
6012,17
6013,69
6014,12
6015,67
6016,64
6017,16
6018,55
6019,47
6020,59
6021,46
6022,88
6023,88
6024,40
6025,1
6026,34
6027,13
6028,64
6029,28
6030,40
6031,28
6032,96
6033,52
6034,11
6035,6
6036,97
6037,38
6038,1
6039,55
6040,43
6041,19
6042,6
6043,76
6044,13
6045,5
6046,67
6047,68
6048,79
6049,0
6050,84
6051,58
6052,4
6053,67
6054,47
6055,72
6056,33
6057,94
6058,34
6059,9
6060,0
6061,69
6062,99
6063,90
6064,52
6065,23
6066,32
6067,24
6068,60
6069,36
6070,7
6071,39
6072,16
6073,89
6074,43
6075,53
6076,91
6077,8
6078,77
6079,63
6080,7
6081,74
6082,53
6083,38
6084,55
6085,5
6086,47
6087,23
6088,53
6089,71
6090,53
6091,47
6092,71
6093,39
6094,56
6095,16
6096,10
6097,87
6098,50
6099,17
6100,58
6101,16
6102,75
6103,8
6104,69
6105,38
6106,52
6107,42
6108,40
6109,38
6110,0
6111,10
6112,51
6113,29
6114,34
6115,42
6116,12
6117,91
6118,13
6119,40
6120,84
6121,24
6122,23
6123,29
6124,51
6125,39
6126,35
6127,85
6128,21
6129,63
6130,89
6131,87
6132,7
6133,44
6134,23
6135,6
6136,43
6137,92
6138,75
6139,30
6140,75
6141,87
6142,75
6143,32
6144,61
6145,55
6146,85
6147,10
6148,16
6149,92
6150,28
6151,19
6152,48
6153,89
6154,44
6155,88
6156,48
6157,9
6158,72
6159,7
6160,32
6161,5
6162,35
6163,44
6164,56
6165,65
6166,79
6167,36
6168,8
6169,15
6170,43
6171,35
6172,39
6173,30
6174,63
6175,75
6176,10
6177,18
6178,18
6179,41
6180,62
6181,13
6182,15
6183,15
6184,88
6185,39
6186,62
6187,68
6188,50
6189,18
6190,37
6191,21
6192,35
6193,3
6194,4
6195,3
6196,75
6197,35
6198,48
6199,76
6200,29
6201,21
6202,7
6203,18
6204,78
6205,82
6206,64
6207,49
6208,59
6209,23
6210,28
6211,70
6212,20
6213,25
6214,63
6215,91
6216,35
6217,42
6218,5
6219,73
6220,69
6221,82
6222,59
6223,20
6224,80
6225,51
6226,0
6227,17
6228,5
6229,7
6230,64
6231,32
6232,38
6233,9
6234,14
6235,52
6236,66
6237,4
6238,23
6239,49
6240,14
6241,31
6242,38
6243,35
6244,87
6245,13
6246,78
6247,88
6248,63
6249,38
6250,35
6251,90
6252,22
6253,41
6254,27
6255,96
6256,12
6257,48
6258,68
6259,68
6260,75
6261,11
6262,8
6263,3
6264,12
6265,11
6266,38
6267,30
6268,41
6269,51
6270,13
6271,35
6272,58
6273,87
6274,19
6275,55
6276,45
6277,4
6278,33
6279,38
6280,94
6281,95
6282,13
6283,6
6284,59
6285,3
6286,21
6287,31
6288,58
6289,7
6290,34
6291,61
6292,94
6293,45
6294,17
6295,41
6296,24
6297,39
6298,30
6299,37
6300,8
6301,12
6302,78
6303,30
6304,19
6305,3
6306,52
6307,5
6308,76
6309,57
6310,27
6311,25
6312,6
6313,4
6314,15
6315,36
6316,52
6317,40
6318,81
6319,8
6320,59
6321,74
6322,34
6323,14
6324,5
6325,60
6326,27
6327,0
6328,28
6329,0
6330,3
6331,87
6332,64
6333,10
6334,90
6335,12
6336,64
6337,35
6338,17
6339,43
6340,63
6341,9
6342,58
6343,46
6344,31
6345,45
6346,4
6347,6
6348,80
6349,19
6350,41
6351,98
6352,40
6353,21
6354,26
6355,76
6356,22
6357,5
6358,12
6359,10
6360,54
6361,17
6362,79
6363,20
6364,1
6365,29
6366,62
6367,48
6368,77
6369,10
6370,80
6371,18
6372,11
6373,71
6374,11
6375,45
6376,94
6377,24
6378,2
6379,90
6380,37
6381,57
6382,1
6383,2
6384,48
6385,0
6386,69
6387,3
6388,49
6389,24
6390,7
6391,82
6392,50
6393,21
6394,7
6395,57
6396,61
6397,22
6398,26
6399,10
6400,82
6401,84
6402,13
6403,65
6404,47
6405,59
6406,26
6407,2
6408,27
6409,43
6410,39
6411,97
6412,2
6413,25
6414,39
6415,68
6416,87
6417,31
6418,50
6419,14
6420,68
6421,10
6422,93
6423,1
6424,8
6425,43
6426,3
6427,62
6428,25
6429,28
6430,52
6431,61
6432,11
6433,99
6434,3
6435,92
6436,91
6437,6
6438,29
6439,83
6440,33
6441,87
6442,35
6443,41
6444,34
6445,5
6446,11
6447,8
6448,44
6449,46
6450,29
6451,38
6452,66
6453,87
6454,29
6455,40
6456,53
6457,9
6458,52
6459,2
6460,34
6461,6
6462,18
6463,66
6464,24
6465,64
6466,0
6467,99
6468,71
6469,94
6470,8
6471,81
6472,26
6473,73
6474,41
6475,42
6476,51
6477,27
6478,59
6479,35
6480,99
6481,62
6482,31
6483,31
6484,45
6485,1
6486,71
6487,84
6488,12
6489,15
6490,74
6491,41
6492,61
6493,14
6494,70
6495,18
6496,3
6497,54
6498,43
6499,37
6500,18
6501,10
6502,46
6503,18
6504,9
6505,64
6506,90
6507,55
6508,94
6509,92
6510,68
6511,20
6512,26
6513,84
6514,52
6515,85
6516,98
6517,74
6518,29
6519,25
6520,4
6521,11
6522,52
6523,20
6524,84
6525,69
6526,46
6527,8
6528,28
6529,42
6530,86
6531,53
6532,67
6533,8
6534,27
6535,70
6536,55
6537,37
6538,66
6539,75
6540,32
6541,7
6542,4
6543,42
6544,31
6545,56
6546,58
6547,30
6548,79
6549,60
6550,25
6551,30
6552,81
6553,38
6554,30
6555,25
6556,28
6557,12
6558,21
6559,50
6560,8
6561,68
6562,50
6563,11
6564,10
6565,59
6566,39
6567,9
6568,27
6569,71
6570,7
6571,86
6572,11
6573,24
6574,64
6575,24
6576,45
6577,34
6578,25
6579,90
6580,9
6581,76
6582,19
6583,30
6584,13
6585,43
6586,66
6587,49
6588,94
6589,6
6590,37
6591,33
6592,99
6593,33
6594,64
6595,76
6596,53
6597,90
6598,15
6599,76
6600,30
6601,84
6602,70
6603,2
6604,0
6605,29
6606,43
6607,81
6608,2
6609,22
6610,69
6611,40
6612,70
6613,42
6614,85
6615,34
6616,44
6617,10
6618,41
6619,4
6620,2
6621,63
6622,3
6623,33
6624,24
6625,71
6626,4
6627,78
6628,26
6629,81
6630,55
6631,42
6632,35
6633,34
6634,97
6635,13
6636,73
6637,8
6638,34
6639,22
6640,24
6641,10
6642,26
6643,82
6644,18
6645,17
6646,23
6647,7
6648,33
6649,57
6650,82
6651,5
6652,60
6653,31
6654,79
6655,4
6656,48
6657,92
6658,62
6659,96
6660,62
6661,9
6662,49
6663,18
6664,41
6665,67
6666,73
6667,9
6668,92
6669,44
6670,89
6671,63
6672,33
6673,81
6674,57
6675,34
6676,40
6677,19
6678,39
6679,82
6680,95
6681,17
6682,2
6683,53
6684,62
6685,96
6686,31
6687,77
6688,96
6689,80
6690,0
6691,22
6692,77
6693,31
6694,11
6695,76
6696,0
6697,62
6698,24
6699,23
6700,28
6701,90
6702,19
6703,44
6704,35
6705,17
6706,76
6707,12
6708,29
6709,17
6710,46
6711,62
6712,9
6713,11
6714,97
6715,25
6716,52
6717,90
6718,10
6719,53
6720,59
6721,2
6722,53
6723,82
6724,88
6725,33
6726,18
6727,44
6728,60
6729,76
6730,81
6731,48
6732,5
6733,81
6734,37
6735,54
6736,7
6737,23
6738,36
6739,1
6740,91
6741,62
6742,76
6743,21
6744,8
6745,43
6746,53
6747,68
6748,18
6749,87
6750,24
6751,31
6752,36
6753,42
6754,13
6755,60
6756,52
6757,6
6758,38
6759,27
6760,87
6761,42
6762,19
6763,55
6764,54
6765,17
6766,39
6767,7
6768,32
6769,55
6770,42
6771,29
6772,54
6773,46
6774,36
6775,48
6776,4
6777,17
6778,47
6779,30
6780,6
6781,15
6782,31
6783,7
6784,7
6785,56
6786,62
6787,76
6788,62
6789,61
6790,67
6791,98
6792,70
6793,31
6794,73
6795,37
6796,5
6797,23
6798,17
6799,50
6800,60
6801,87
6802,2
6803,35
6804,88
6805,44
6806,53
6807,30
6808,64
6809,55
6810,26
6811,4
6812,62
6813,21
6814,87
6815,70
6816,7
6817,7
6818,86
6819,40
6820,12
6821,33
6822,66
6823,16
6824,92
6825,56
6826,21
6827,31
6828,49
6829,11
6830,89
6831,3
6832,91
6833,75
6834,79
6835,62
6836,10
6837,6
6838,11
6839,84
6840,88
6841,9
6842,44
6843,23
6844,85
6845,74
6846,79
6847,56
6848,14
6849,8
6850,21
6851,41
6852,46
6853,98
6854,40
6855,29
6856,35
6857,20
6858,41
6859,4
6860,99
6861,17
6862,2
6863,27
6864,30
6865,92
6866,67
6867,39
6868,10
6869,48
6870,62
6871,47
6872,73
6873,97
6874,56
6875,42
6876,49
6877,12
6878,11
6879,17
6880,37
6881,1
6882,37
6883,78
6884,66
6885,48
6886,80
6887,18
6888,15
6889,10
6890,35
6891,23
6892,98
6893,18
6894,56
6895,33
6896,24
6897,68
6898,6
6899,31
6900,13
6901,63
6902,24
6903,47
6904,18
6905,35
6906,86
6907,76
6908,19
6909,43
6910,39
6911,30
6912,10
6913,92
6914,34
6915,97
6916,77
6917,47
6918,7
6919,2
6920,90
6921,38
6922,61
6923,90
6924,9
6925,36
6926,51
6927,11
6928,7
6929,27
6930,70
6931,29
6932,76
6933,2
6934,77
6935,92
6936,5
6937,34
6938,21
6939,16
6940,73
6941,42
6942,45
6943,83
6944,18
6945,26
6946,72
6947,10
6948,56
6949,80
6950,22
6951,27
6952,41
6953,16
6954,72
6955,53
6956,3
6957,16
6958,49
6959,70
6960,5
6961,31
6962,73
6963,32
6964,15
6965,87
6966,16
6967,73
6968,96
6969,50
6970,36
6971,47
6972,48
6973,18
6974,37
6975,29
6976,77
6977,34
6978,34
6979,8
6980,96
6981,12
6982,39
6983,24
6984,48
6985,12
6986,20
6987,18
6988,70
6989,73
6990,67
6991,26
6992,48
6993,48
6994,1
6995,12
6996,20
6997,59
6998,16
6999,11
7000,65
7001,64
7002,65
7003,15
7004,97
7005,62
7006,92
7007,54
7008,40
7009,27
7010,96
7011,97
7012,79
7013,0
7014,13
7015,94
7016,0
7017,4
7018,20
7019,14
7020,28
7021,84
7022,62
7023,5
7024,42
7025,28
7026,81
7027,39
7028,96
7029,35
7030,68
7031,35
7032,30
7033,62
7034,79
7035,19
7036,91
7037,58
7038,16
7039,23
7040,21
7041,97
7042,5
7043,6
7044,39
7045,88
7046,2
7047,7
7048,58
7049,1
7050,41
7051,11
7052,63
7053,93
7054,9
7055,49
7056,62
7057,10
7058,58
7059,42
7060,52
7061,15
7062,27
7063,68
7064,39
7065,4
7066,47
7067,76
7068,52
7069,2
7070,24
7071,23
7072,9
7073,18
7074,42
7075,79
7076,61
7077,20
7078,77
7079,59
7080,60
7081,25
7082,16
7083,56
7084,19
7085,30
7086,38
7087,4
7088,20
7089,57
7090,43
7091,56
7092,47
7093,49
7094,18
7095,91
7096,60
7097,66
7098,24
7099,5
7100,16
7101,10
7102,18
7103,35
7104,8
7105,77
7106,4
7107,24
7108,5
7109,2
7110,45
7111,3
7112,21
7113,90
7114,10
7115,46
7116,90
7117,13
7118,63
7119,50
7120,82
7121,38
7122,12
7123,15
7124,82
7125,13
7126,84
7127,39
7128,87
7129,52
7130,70
7131,79
7132,35
7133,38
7134,40
7135,50
7136,2
7137,47
7138,1
7139,16
7140,38
7141,30
7142,57
7143,21
7144,53
7145,23
7146,42
7147,75
7148,52
7149,94
7150,83
7151,19
7152,63
7153,50
7154,47
7155,5
7156,12
7157,53
7158,13
7159,97
7160,35
7161,19
7162,2
7163,4
7164,20
7165,28
7166,8
7167,22
7168,12
7169,50
7170,72
7171,54
7172,29
7173,40
7174,71
7175,34
7176,76
7177,43
7178,81
7179,23
7180,33
7181,28
7182,92
7183,2
7184,49
7185,40
7186,13
7187,95
7188,50
7189,15
7190,92
7191,20
7192,52
7193,24
7194,91
7195,2
7196,61
7197,51
7198,89
7199,79
7200,87
7201,75
7202,96
7203,61
7204,1
7205,88
7206,52
7207,46
7208,55
7209,6
7210,15
7211,74
7212,52
7213,22
7214,55
7215,44
7216,30
7217,40
7218,36
7219,91
7220,4
7221,92
7222,73
7223,30
7224,36
7225,66
7226,45
7227,35
7228,99
7229,3
7230,43
7231,99
7232,15
7233,16
7234,26
7235,54
7236,54
7237,10
7238,62
7239,58
7240,49
7241,4
7242,10
7243,56
7244,64
7245,52
7246,81
7247,11
7248,38
7249,15
7250,49
7251,59
7252,68
7253,48
7254,5
7255,29
7256,6
7257,32
7258,53
7259,95
7260,47
7261,38
7262,7
7263,40
7264,56
7265,2
7266,78
7267,54
7268,82
7269,49
7270,29
7271,58
7272,64
7273,40
7274,75
7275,33
7276,22
7277,24
7278,32
7279,58
7280,1
7281,9
7282,1
7283,10
7284,7
7285,39
7286,4
7287,2
7288,3
7289,53
7290,42
7291,43
7292,30
7293,48
7294,36
7295,10
7296,24
7297,1
7298,77
7299,0
7300,91
7301,19
7302,53
7303,52
7304,2
7305,50
7306,28
7307,54
7308,40
7309,81
7310,67
7311,4
7312,17
7313,59
7314,65
7315,78
7316,33
7317,94
7318,47
7319,26
7320,30
7321,89
7322,53
7323,11
7324,60
7325,21
7326,34
7327,25
7328,91
7329,53
7330,75
7331,25
7332,85
7333,65
7334,5
7335,83
7336,43
7337,64
7338,17
7339,1
7340,50
7341,10
7342,75
7343,41
7344,39
7345,57
7346,20
7347,71
7348,35
7349,66
7350,26
7351,35
7352,90
7353,49
7354,76
7355,2
7356,66
7357,6
7358,69
7359,3
7360,60
7361,87
7362,47
7363,85
7364,60
7365,80
7366,0
7367,1
7368,6
7369,40
7370,15
7371,8
7372,2
7373,88
7374,14
7375,42
7376,60
7377,35
7378,42
7379,36
7380,30
7381,19
7382,20
7383,18
7384,5
7385,56
7386,18
7387,76
7388,7
7389,19
7390,86
7391,86
7392,84
7393,0
7394,36
7395,5
7396,81
7397,70
7398,10
7399,49
7400,55
7401,91
7402,0
7403,20
7404,71
7405,64
7406,75
7407,29
7408,69
7409,54
7410,8
7411,33
7412,36
7413,54
7414,69
7415,12
7416,17
7417,87
7418,65
7419,61
7420,23
7421,94
7422,31
7423,58
7424,18
7425,64
7426,75
7427,90
7428,23
7429,2
7430,98
7431,10
7432,43
7433,51
7434,22
7435,92
7436,15
7437,3
7438,34
7439,67
7440,66
7441,19
7442,76
7443,39
7444,48
7445,3
7446,11
7447,1
7448,53
7449,4
7450,86
7451,41
7452,0
7453,23
7454,90
7455,41
7456,35
7457,0
7458,30
7459,15
7460,90
7461,94
7462,99
7463,30
7464,74
7465,73
7466,4
7467,19
7468,95
7469,99
7470,13
7471,16
7472,82
7473,48
7474,77
7475,32
7476,31
7477,70
7478,11
7479,7
7480,33
7481,22
7482,1
7483,38
7484,42
7485,10
7486,83
7487,98
7488,20
7489,5
7490,11
7491,13
7492,37
7493,26
7494,1
7495,91
7496,6
7497,55
7498,9
7499,62
7500,85
7501,67
7502,72
7503,29
7504,15
7505,41
7506,56
7507,2
7508,1
7509,58
7510,74
7511,45
7512,48
7513,59
7514,33
7515,47
7516,38
7517,13
7518,88
7519,60
7520,34
7521,85
7522,35
7523,36
7524,22
7525,94
7526,59
7527,41
7528,19
7529,88
7530,68
7531,78
7532,73
7533,21
7534,61
7535,84
7536,7
7537,31
7538,24
7539,65
7540,2
7541,2
7542,2
7543,47
7544,97
7545,34
7546,33
7547,19
7548,86
7549,11
7550,3
7551,32
7552,87
7553,88
7554,3
7555,72
7556,28
7557,12
7558,82
7559,33
7560,46
7561,25
7562,50
7563,48
7564,4
7565,7
7566,73
7567,35
7568,30
7569,30
7570,96
7571,86
7572,80
7573,60
7574,3
7575,5
7576,16
7577,30
7578,66
7579,27
7580,7
7581,1
7582,14
7583,97
7584,3
7585,0
7586,44
7587,32
7588,61
7589,81
7590,32
7591,75
7592,26
7593,56
7594,4
7595,94
7596,35
7597,1
7598,14
7599,26
7600,18
7601,33
7602,8
7603,43
7604,65
7605,27
7606,39
7607,61
7608,56
7609,22
7610,30
7611,91
7612,5
7613,6
7614,69
7615,67
7616,35
7617,54
7618,29
7619,7
7620,21
7621,41
7622,61
7623,27
7624,48
7625,85
7626,51
7627,94
7628,0
7629,88
7630,68
7631,30
7632,58
7633,77
7634,82
7635,47
7636,80
7637,30
7638,30
7639,77
7640,84
7641,62
7642,17
7643,88
7644,32
7645,35
7646,91
7647,66
7648,80
7649,56
7650,67
7651,6
7652,81
7653,39
7654,37
7655,82
7656,23
7657,84
7658,90
7659,4
7660,37
7661,70
7662,81
7663,17
7664,32
7665,42
7666,21
7667,60
7668,11
7669,9
7670,3
7671,9
7672,4
7673,63
7674,27
7675,37
7676,61
7677,19
7678,75
7679,29
7680,89
7681,71
7682,10
7683,80
7684,71
7685,11
7686,56
7687,62
7688,73
7689,7
7690,6
7691,35
7692,15
7693,66
7694,33
7695,16
7696,48
7697,9
7698,55
7699,71
7700,5
7701,17
7702,17
7703,3
7704,39
7705,34
7706,7
7707,4
7708,70
7709,64
7710,13
7711,33
7712,92
7713,10
7714,76
7715,11
7716,42
7717,76
7718,3
7719,33
7720,24
7721,14
7722,12
7723,50
7724,97
7725,93
7726,4
7727,65
7728,55
7729,24
7730,63
7731,7
7732,80
7733,23
7734,1
7735,9
7736,72
7737,85
7738,5
7739,56
7740,40
7741,41
7742,11
7743,76
7744,14
7745,71
7746,86
7747,16
7748,41
7749,68
7750,47
7751,47
7752,12
7753,59
7754,10
7755,33
7756,0
7757,78
7758,43
7759,38
7760,19
7761,5
7762,66
7763,52
7764,74
7765,80
7766,26
7767,34
7768,11
7769,50
7770,28
7771,1
7772,77
7773,15
7774,94
7775,2
7776,50
7777,15
7778,4
7779,42
7780,57
7781,6
7782,30
7783,0
7784,73
7785,5
7786,29
7787,96
7788,57
7789,54
7790,19
7791,19
7792,60
7793,9
7794,22
7795,83
7796,53
7797,69
7798,81
7799,31
7800,97
7801,24
7802,44
7803,28
7804,33
7805,3
7806,32
7807,16
7808,3
7809,23
7810,32
7811,74
7812,10
7813,30
7814,91
7815,83
7816,12
7817,86
7818,3
7819,33
7820,35
7821,70
7822,16
7823,40
7824,42
7825,89
7826,73
7827,15
7828,11
7829,10
7830,54
7831,60
7832,83
7833,16
7834,23
7835,45
7836,12
7837,92
7838,51
7839,33
7840,15
7841,40
7842,7
7843,54
7844,93
7845,71
7846,17
7847,47
7848,54
7849,55
7850,18
7851,89
7852,22
7853,79
7854,14
7855,8
7856,15
7857,39
7858,1
7859,66
7860,15
7861,51
7862,86
7863,38
7864,39
7865,97
7866,96
7867,32
7868,1
7869,78
7870,41
7871,56
7872,17
7873,18
7874,16
7875,66
7876,95
7877,82
7878,70
7879,35
7880,6
7881,18
7882,99
7883,81
7884,54
7885,77
7886,13
7887,10
7888,0
7889,16
7890,21
7891,7
7892,37
7893,86
7894,62
7895,28
7896,5
7897,38
7898,43
7899,86
7900,76
7901,29
7902,2
7903,36
7904,20
7905,36
7906,21
7907,35
7908,38
7909,99
7910,38
7911,0
7912,16
7913,82
7914,87
7915,85
7916,13
7917,0
7918,5
7919,68
7920,77
7921,17
7922,84
7923,80
7924,58
7925,14
7926,97
7927,33
7928,34
7929,82
7930,28
7931,89
7932,13
7933,21
7934,84
7935,37
7936,87
7937,54
7938,18
7939,38
7940,32
7941,44
7942,14
7943,79
7944,57
7945,51
7946,72
7947,47
7948,31
7949,28
7950,6
7951,44
7952,12
7953,41
7954,23
7955,50
7956,25
7957,56
7958,37
7959,20
7960,45
7961,56
7962,22
7963,4
7964,43
7965,68
7966,21
7967,91
7968,21
7969,3
7970,35
7971,29
7972,34
7973,85
7974,40
7975,32
7976,24
7977,63
7978,64
7979,28
7980,73
7981,70
7982,12
7983,18
7984,56
7985,17
7986,15
7987,23
7988,11
7989,61
7990,59
7991,58
7992,21
7993,33
7994,54
7995,19
7996,21
7997,2
7998,19
7999,58
8000,0
8001,57
8002,70
8003,97
8004,28
8005,73
8006,18
8007,51
8008,17
8009,75
8010,41
8011,0
8012,91
8013,21
8014,4
8015,76
8016,26
8017,30
8018,40
8019,71
8020,58
8021,83
8022,31
8023,30
8024,11
8025,68
8026,14
8027,67
8028,57
8029,29
8030,0
8031,36
8032,12
8033,17
8034,25
8035,13
8036,13
8037,38
8038,12
8039,90
8040,69
8041,62
8042,13
8043,38
8044,66
8045,33
8046,64
8047,1
8048,49
8049,52
8050,38
8051,32
8052,34
8053,30
8054,52
8055,8
8056,83
8057,71
8058,49
8059,70
8060,16
8061,42
8062,47
8063,20
8064,43
8065,18
8066,38
8067,12
8068,96
8069,4
8070,11
8071,39
8072,43
8073,18
8074,15
8075,25
8076,16
8077,71
8078,5
8079,87
8080,38
8081,26
8082,76
8083,31
8084,11
8085,4
8086,30
8087,18
8088,25
8089,57
8090,36
8091,50
8092,25
8093,74
8094,83
8095,60
8096,10
8097,91
8098,24
8099,86
8100,9
8101,28
8102,87
8103,81
8104,4
8105,15
8106,11
8107,14
8108,55
8109,81
8110,37
8111,38
8112,30
8113,39
8114,9
8115,75
8116,94
8117,83
8118,31
8119,1
8120,25
8121,66
8122,19
8123,51
8124,50
8125,73
8126,30
8127,49
8128,11
8129,7
8130,32
8131,37
8132,16
8133,76
8134,7
8135,85
8136,26
8137,60
8138,59
8139,56
8140,23
8141,18
8142,45
8143,24
8144,84
8145,50
8146,20
8147,33
8148,83
8149,11
8150,22
8151,0
8152,42
8153,82
8154,6
8155,31
8156,18
8157,52
8158,35
8159,35
8160,75
8161,54
8162,36
8163,66
8164,12
8165,12
8166,81
8167,66
8168,13
8169,31
8170,40
8171,74
8172,8
8173,47
8174,90
8175,9
8176,53
8177,28
8178,10
8179,5
8180,41
8181,77
8182,4
8183,55
8184,53
8185,34
8186,35
8187,89
8188,35
8189,4
8190,80
8191,14
8192,11
8193,39
8194,6
8195,34
8196,48
8197,12
8198,58
8199,13
8200,65
8201,38
8202,95
8203,2
8204,64
8205,73
8206,56
8207,74
8208,0
8209,12
8210,96
8211,3
8212,29
8213,35
8214,49
8215,69
8216,1
8217,71
8218,75
8219,10
8220,59
8221,15
8222,35
8223,25
8224,27
8225,46
8226,46
8227,50
8228,62
8229,67
8230,91
8231,97
8232,15
8233,40
8234,38
8235,13
8236,88
8237,52
8238,43
8239,16
8240,41
8241,92
8242,85
8243,42
8244,70
8245,20
8246,39
8247,22
8248,10
8249,64
8250,24
8251,29
8252,6
8253,80
8254,45
8255,98
8256,48
8257,33
8258,41
8259,65
8260,8
8261,24
8262,84
8263,0
8264,12
8265,57
8266,95
8267,47
8268,11
8269,10
8270,38
8271,66
8272,68
8273,47
8274,0
8275,86
8276,63
8277,18
8278,5
8279,28
8280,26
8281,37
8282,35
8283,90
8284,45
8285,23
8286,69
8287,44
8288,9
8289,37
8290,69
8291,70
8292,51
8293,25
8294,49
8295,26
8296,15
8297,48
8298,49
8299,12
8300,30
8301,8
8302,78
8303,49
8304,19
8305,23
8306,9
8307,52
8308,39
8309,35
8310,81
8311,30
8312,68
8313,27
8314,7
8315,56
8316,10
8317,22
8318,70
8319,27
8320,27
8321,94
8322,0
8323,14
8324,36
8325,30
8326,76
8327,6
8328,12
8329,0
8330,43
8331,35
8332,57
8333,52
8334,68
8335,50
8336,14
8337,64
8338,2
8339,24
8340,61
8341,18
8342,97
8343,10
8344,4
8345,15
8346,23
8347,58
8348,2
8349,29
8350,78
8351,73
8352,17
8353,60
8354,95
8355,39
8356,22
8357,17
8358,36
8359,12
8360,71
8361,41
8362,17
8363,0
8364,33
8365,32
8366,26
8367,16
8368,47
8369,74
8370,37
8371,51
8372,62
8373,30
8374,67
8375,37
8376,24
8377,68
8378,34
8379,1
8380,95
8381,32
8382,41
8383,69
8384,21
8385,19
8386,47
8387,25
8388,30
8389,4
8390,47
8391,21
8392,30
8393,6
8394,15
8395,76
8396,8
8397,65
8398,8
8399,4
8400,57
8401,68
8402,21
8403,75
8404,41
8405,33
8406,24
8407,42
8408,87
8409,38
8410,17
8411,5
8412,2
8413,46
8414,94
8415,29
8416,35
8417,24
8418,4
8419,66
8420,10
8421,11
8422,52
8423,81
8424,13
8425,76
8426,63
8427,99
8428,3
8429,41
8430,14
8431,59
8432,99
8433,88
8434,92
8435,30
8436,9
8437,81
8438,65
8439,39
8440,11
8441,18
8442,6
8443,29
8444,52
8445,71
8446,40
8447,64
8448,35
8449,68
8450,60
8451,11
8452,71
8453,25
8454,52
8455,95
8456,73
8457,12
8458,60
8459,99
8460,55
8461,41
8462,32
8463,75
8464,33
8465,66
8466,89
8467,9
8468,40
8469,24
8470,88
8471,78
8472,83
8473,59
8474,9
8475,18
8476,79
8477,82
8478,4
8479,0
8480,97
8481,15
8482,5
8483,8
8484,55
8485,9
8486,44
8487,8
8488,26
8489,88
8490,58
8491,6
8492,40
8493,11
8494,21
8495,4
8496,64
8497,15
8498,61
8499,0
8500,79
8501,95
8502,36
8503,18
8504,83
8505,64
8506,71
8507,94
8508,23
8509,56
8510,36
8511,22
8512,11
8513,7
8514,24
8515,10
8516,9
8517,13
8518,89
8519,7
8520,67
8521,70
8522,58
8523,48
8524,4
8525,19
8526,85
8527,1
8528,15
8529,62
8530,0
8531,4
8532,15
8533,33
8534,1
8535,97
8536,74
8537,34
8538,0
8539,91
8540,36
8541,15
8542,6
8543,45
8544,61
8545,68
8546,60
8547,25
8548,53
8549,0
8550,8
8551,40
8552,32
8553,82
8554,74
8555,28
8556,25
8557,0
8558,21
8559,28
8560,3
8561,96
8562,34
8563,20
8564,45
8565,65
8566,46
8567,87
8568,3
8569,0
8570,42
8571,85
8572,56
8573,15
8574,42
8575,20
8576,79
8577,38
8578,22
8579,36
8580,57
8581,77
8582,99
8583,2
8584,8
8585,64
8586,64
8587,37
8588,46
8589,79
8590,26
8591,77
8592,40
8593,84
8594,21
8595,48
8596,3
8597,69
8598,1
8599,94
8600,44
8601,70
8602,58
8603,99
8604,20
8605,39
8606,56
8607,18
8608,82
8609,23
8610,32
8611,47
8612,47
8613,86
8614,42
8615,33
8616,3
8617,88
8618,7
8619,10
8620,50
8621,56
8622,4
8623,19
8624,36
8625,24
8626,50
8627,12
8628,62
8629,17
8630,3
8631,0
8632,34
8633,20
8634,22
8635,12
8636,42
8637,36
8638,58
8639,33
8640,8
8641,24
8642,0
8643,62
8644,40
8645,87
8646,22
8647,87
8648,1
8649,1
8650,90
8651,1
8652,16
8653,44
8654,27
8655,39
8656,4
8657,52
8658,55
8659,10
8660,90
8661,21
8662,34
8663,27
8664,10
8665,30
8666,37
8667,4
8668,16
8669,3
8670,49
8671,72
8672,47
8673,0
8674,7
8675,11
8676,18
8677,72
8678,10
8679,11
8680,16
8681,63
8682,1
8683,85
8684,43
8685,3
8686,21
8687,75
8688,51
8689,30
8690,3
8691,64
8692,77
8693,52
8694,12
8695,53
8696,68
8697,64
8698,85
8699,5
8700,63
8701,56
8702,95
8703,12
8704,70
8705,1
8706,54
8707,25
8708,8
8709,1
8710,15
8711,51
8712,25
8713,77
8714,64
8715,66
8716,77
8717,45
8718,35
8719,37
8720,0
8721,36
8722,86
8723,60
8724,54
8725,26
8726,45
8727,96
8728,21
8729,42
8730,48
8731,35
8732,40
8733,90
8734,0
8735,3
8736,36
8737,0
8738,16
8739,52
8740,66
8741,73
8742,15
8743,30
8744,40
8745,54
8746,73
8747,90
8748,55
8749,23
8750,62
8751,27
8752,24
8753,23
8754,16
8755,16
8756,30
8757,13
8758,16
8759,26
8760,53
8761,7
8762,45
8763,85
8764,53
8765,53
8766,12
8767,40
8768,28
8769,13
8770,35
8771,59
8772,2
8773,39
8774,3
8775,53
8776,99
8777,68
8778,39
8779,6
8780,4
8781,85
8782,36
8783,41
8784,36
8785,71
8786,18
8787,70
8788,89
8789,83
8790,58
8791,14
8792,89
8793,94
8794,76
8795,82
8796,77
8797,73
8798,76
8799,50
8800,5
8801,56
8802,68
8803,64
8804,31
8805,36
8806,86
8807,65
8808,56
8809,18
8810,85
8811,94
8812,35
8813,38
8814,82
8815,35
8816,6
8817,91
8818,9
8819,82
8820,31
8821,20
8822,86
8823,16
8824,49
8825,30
8826,3
8827,99
8828,30
8829,31
8830,0
8831,92
8832,86
8833,20
8834,49
8835,14
8836,41
8837,82
8838,0
8839,56
8840,10
8841,43
8842,14
8843,39
8844,17
8845,0
8846,25
8847,82
8848,7
8849,24
8850,67
8851,18
8852,91
8853,84
8854,83
8855,40
8856,30
8857,60
8858,86
8859,36
8860,79
8861,38
8862,74
8863,30
8864,14
8865,81
8866,68
8867,0
8868,42
8869,36
8870,81
8871,4
8872,97
8873,85
8874,71
8875,32
8876,74
8877,13
8878,45
8879,12
8880,11
8881,39
8882,94
8883,41
8884,11
8885,66
8886,96
8887,38
8888,31
8889,82
8890,80
8891,73
8892,58
8893,39
8894,64
8895,47
8896,6
8897,46
8898,47
8899,33
8900,61
8901,35
8902,80
8903,99
8904,99
8905,15
8906,35
8907,49
8908,15
8909,89
8910,23
8911,13
8912,22
8913,82
8914,55
8915,93
8916,45
8917,68
8918,96
8919,84
8920,10
8921,13
8922,12
8923,94
8924,67
8925,16
8926,22
8927,32
8928,49
8929,63
8930,51
8931,57
8932,88
8933,1
8934,75
8935,29
8936,48
8937,55
8938,16
8939,26
8940,86
8941,69
8942,95
8943,39
8944,21
8945,54
8946,56
8947,71
8948,46
8949,30
8950,43
8951,93
8952,43
8953,25
8954,19
8955,39
8956,49
8957,1
8958,58
8959,0
8960,2
8961,3
8962,28
8963,9
8964,84
8965,43
8966,55
8967,64
8968,89
8969,9
8970,28
8971,83
8972,44
8973,8
8974,54
8975,12
8976,44
8977,74
8978,6
8979,76
8980,30
8981,86
8982,29
8983,52
8984,66
8985,47
8986,3
8987,33
8988,76
8989,36
8990,90
8991,66
8992,3
8993,24
8994,48
8995,24
8996,36
8997,41
8998,59
8999,64
9000,67
9001,76
9002,14
9003,87
9004,24
9005,21
9006,4
9007,79
9008,70
9009,4
9010,94
9011,4
9012,98
9013,3
9014,49
9015,3
9016,87
9017,17
9018,47
9019,10
9020,15
9021,11
9022,70
9023,40
9024,62
9025,90
9026,29
9027,47
9028,36
9029,23
9030,18
9031,99
9032,65
9033,11
9034,83
9035,38
9036,50
9037,30
9038,94
9039,25
9040,63
9041,4
9042,33
9043,5
9044,38
9045,24
9046,43
9047,73
9048,60
9049,29
9050,14
9051,39
9052,64
9053,10
9054,36
9055,71
9056,67
9057,87
9058,60
9059,16
9060,22
9061,40
9062,30
9063,50
9064,57
9065,37
9066,46
9067,23
9068,76
9069,35
9070,51
9071,1
9072,17
9073,82
9074,71
9075,56
9076,25
9077,81
9078,26
9079,66
9080,0
9081,54
9082,22
9083,74
9084,47
9085,56
9086,52
9087,50
9088,35
9089,50
9090,18
9091,16
9092,31
9093,74
9094,82
9095,70
9096,99
9097,21
9098,1
9099,84
9100,34
9101,83
9102,76
9103,81
9104,61
9105,66
9106,32
9107,66
9108,70
9109,51
9110,7
9111,30
9112,83
9113,55
9114,77
9115,14
9116,93
9117,71
9118,42
9119,16
9120,3
9121,30
9122,19
9123,39
9124,53
9125,12
9126,40
9127,6
9128,49
9129,72
9130,8
9131,42
9132,91
9133,33
9134,35
9135,47
9136,50
9137,55
9138,27
9139,33
9140,12
9141,95
9142,27
9143,35
9144,19
9145,79
9146,73
9147,36
9148,17
9149,72
9150,64
9151,49
9152,4
9153,1
9154,37
9155,19
9156,10
9157,67
9158,50
9159,5
9160,7
9161,62
9162,55
9163,15
9164,47
9165,87
9166,18
9167,9
9168,13
9169,7
9170,32
9171,31
9172,45
9173,15
9174,91
9175,26
9176,13
9177,20
9178,4
9179,63
9180,29
9181,20
9182,2
9183,43
9184,23
9185,25
9186,85
9187,44
9188,93
9189,88
9190,64
9191,1
9192,35
9193,85
9194,5
9195,36
9196,25
9197,8
9198,73
9199,82
9200,50
9201,29
9202,41
9203,42
9204,11
9205,25
9206,14
9207,53
9208,90
9209,37
9210,84
9211,36
9212,7
9213,64
9214,80
9215,18
9216,4
9217,81
9218,33
9219,33
9220,25
9221,49
9222,30
9223,0
9224,94
9225,7
9226,2
9227,92
9228,94
9229,17
9230,12
9231,3
9232,76
9233,57
9234,87
9235,96
9236,55
9237,30
9238,20
9239,69
9240,6
9241,20
9242,78
9243,51
9244,55
9245,0
9246,76
9247,13
9248,11
9249,12
9250,16
9251,45
9252,29
9253,42
9254,16
9255,9
9256,60
9257,7
9258,1
9259,52
9260,6
9261,69
9262,60
9263,41
9264,32
9265,4
9266,5
9267,85
9268,13
9269,94
9270,32
9271,54
9272,8
9273,87
9274,61
9275,0
9276,29
9277,44
9278,50
9279,28
9280,54
9281,6
9282,94
9283,28
9284,70
9285,96
9286,1
9287,40
9288,64
9289,68
9290,65
9291,62
9292,8
9293,51
9294,43
9295,24
9296,74
9297,39
9298,30
9299,34
9300,71
9301,53
9302,87
9303,10
9304,9
9305,35
9306,82
9307,60
9308,45
9309,91
9310,52
9311,93
9312,26
9313,1
9314,6
9315,10
9316,25
9317,96
9318,72
9319,37
9320,95
9321,22
9322,69
9323,47
9324,89
9325,45
9326,85
9327,64
9328,53
9329,35
9330,30
9331,90
9332,74
9333,98
9334,97
9335,9
9336,52
9337,21
9338,68
9339,4
9340,3
9341,87
9342,4
9343,80
9344,22
9345,41
9346,74
9347,69
9348,56
9349,87
9350,6
9351,4
9352,94
9353,10
9354,91
9355,9
9356,45
9357,36
9358,24
9359,2
9360,30
9361,10
9362,57
9363,18
9364,88
9365,11
9366,78
9367,22
9368,23
9369,11
9370,54
9371,42
9372,35
9373,18
9374,71
9375,65
9376,8
9377,4
9378,10
9379,52
9380,8
9381,47
9382,92
9383,64
9384,7
9385,34
9386,7
9387,54
9388,63
9389,86
9390,48
9391,45
9392,2
9393,31
9394,68
9395,60
9396,69
9397,75
9398,0
9399,18
9400,46
9401,87
9402,17
9403,12
9404,97
9405,42
9406,27
9407,53
9408,3
9409,84
9410,58
9411,40
9412,42
9413,17
9414,15
9415,52
9416,65
9417,22
9418,18
9419,48
9420,86
9421,74
9422,43
9423,8
9424,61
9425,9
9426,4
9427,19
9428,45
9429,87
9430,69
9431,24
9432,81
9433,25
9434,71
9435,76
9436,37
9437,32
9438,56
9439,87
9440,54
9441,39
9442,44
9443,40
9444,10
9445,16
9446,14
9447,7
9448,83
9449,62
9450,9
9451,62
9452,91
9453,87
9454,69
9455,66
9456,37
9457,81
9458,77
9459,60
9460,15
9461,21
9462,8
9463,23
9464,91
9465,78
9466,68
9467,79
9468,49
9469,9
9470,0
9471,11
9472,30
9473,69
9474,62
9475,7
9476,72
9477,76
9478,14
9479,43
9480,92
9481,84
9482,49
9483,25
9484,41
9485,65
9486,38
9487,0
9488,44
9489,11
9490,97
9491,57
9492,23
9493,44
9494,71
9495,37
9496,15
9497,62
9498,57
9499,66
9500,71
9501,30
9502,57
9503,88
9504,5
9505,14
9506,70
9507,61
9508,4
9509,77
9510,36
9511,5
9512,30
9513,24
9514,41
9515,37
9516,49
9517,20
9518,41
9519,15
9520,4
9521,12
9522,43
9523,52
9524,39
9525,75
9526,49
9527,44
9528,19
9529,40
9530,97
9531,51
9532,13
9533,13
9534,26
9535,19
9536,44
9537,25
9538,13
9539,13
9540,76
9541,47
9542,9
9543,91
9544,96
9545,33
9546,66
9547,98
9548,20
9549,97
9550,47
9551,50
9552,71
9553,91
9554,16
9555,93
9556,39
9557,26
9558,14
9559,10
9560,24
9561,55
9562,88
9563,66
9564,7
9565,34
9566,92
9567,4
9568,21
9569,6
9570,70
9571,6
9572,2
9573,25
9574,99
9575,33
9576,16
9577,16
9578,39
9579,75
9580,70
9581,73
9582,52
9583,91
9584,16
9585,10
9586,99
9587,62
9588,37
9589,50
9590,69
9591,76
9592,28
9593,44
9594,50
9595,47
9596,85
9597,71
9598,39
9599,74
9600,47
9601,45
9602,57
9603,2
9604,22
9605,55
9606,6
9607,31
9608,95
9609,90
9610,99
9611,39
9612,6
9613,12
9614,11
9615,89
9616,14
9617,53
9618,48
9619,6
9620,73
9621,7
9622,3
9623,30
9624,51
9625,90
9626,74
9627,14
9628,11
9629,6
9630,11
9631,62
9632,40
9633,20
9634,5
9635,71
9636,28
9637,18
9638,50
9639,4
9640,5
9641,70
9642,75
9643,13
9644,96
9645,26
9646,10
9647,43
9648,23
9649,12
9650,49
9651,0
9652,47
9653,41
9654,27
9655,47
9656,54
9657,20
9658,44
9659,40
9660,2
9661,58
9662,31
9663,78
9664,5
9665,71
9666,17
9667,51
9668,13
9669,23
9670,83
9671,69
9672,83
9673,7
9674,66
9675,13
9676,59
9677,7
9678,21
9679,82
9680,14
9681,10
9682,60
9683,28
9684,38
9685,30
9686,22
9687,23
9688,3
9689,6
9690,40
9691,15
9692,7
9693,3
9694,12
9695,52
9696,46
9697,61
9698,88
9699,54
9700,48
9701,4
9702,45
9703,46
9704,34
9705,6
9706,75
9707,31
9708,3
9709,68
9710,30
9711,16
9712,16
9713,75
9714,15
9715,28
9716,36
9717,47
9718,28
9719,52
9720,12
9721,56
9722,50
9723,57
9724,6
9725,62
9726,17
9727,39
9728,35
9729,95
9730,16
9731,4
9732,77
9733,38
9734,24
9735,38
9736,62
9737,35
9738,56
9739,11
9740,23
9741,77
9742,36
9743,49
9744,39
9745,2
9746,4
9747,61
9748,4
9749,51
9750,50
9751,78
9752,12
9753,22
9754,9
9755,99
9756,23
9757,62
9758,57
9759,83
9760,18
9761,51
9762,82
9763,45
9764,28
9765,93
9766,89
9767,6
9768,4
9769,1
9770,45
9771,99
9772,67
9773,74
9774,20
9775,23
9776,17
9777,91
9778,52
9779,76
9780,86
9781,37
9782,11
9783,38
9784,7
9785,43
9786,15
9787,94
9788,2
9789,2
9790,89
9791,44
9792,35
9793,26
9794,13
9795,21
9796,10
9797,5
9798,11
9799,15
9800,21
9801,20
9802,62
9803,31
9804,48
9805,38
9806,65
9807,63
9808,57
9809,51
9810,2
9811,26
9812,56
9813,32
9814,39
9815,68
9816,88
9817,43
9818,1
9819,0
9820,45
9821,2
9822,81
9823,73
9824,23
9825,16
9826,11
9827,24
9828,27
9829,46
9830,48
9831,0
9832,84
9833,79
9834,20
9835,47
9836,23
9837,78
9838,0
9839,5
9840,35
9841,69
9842,15
9843,20
9844,68
9845,74
9846,11
9847,7
9848,38
9849,25
9850,8
9851,77
9852,72
9853,97
9854,30
9855,4
9856,8
9857,26
9858,3
9859,33
9860,10
9861,43
9862,44
9863,0
9864,63
9865,49
9866,93
9867,21
9868,41
9869,22
9870,74
9871,58
9872,10
9873,62
9874,76
9875,24
9876,70
9877,22
9878,66
9879,19
9880,20
9881,46
9882,84
9883,36
9884,19
9885,49
9886,11
9887,5
9888,67
9889,45
9890,62
9891,33
9892,3
9893,11
9894,62
9895,43
9896,41
9897,0
9898,22
9899,84
9900,43
9901,27
9902,42
9903,66
9904,65
9905,69
9906,47
9907,72
9908,33
9909,42
9910,88
9911,62
9912,29
9913,46
9914,42
9915,8
9916,49
9917,7
9918,58
9919,9
9920,66
9921,19
9922,0
9923,43
9924,37
9925,9
9926,17
9927,52
9928,89
9929,35
9930,56
9931,36
9932,4
9933,20
9934,15
9935,68
9936,75
9937,55
9938,33
9939,83
9940,35
9941,27
9942,99
9943,11
9944,37
9945,19
9946,96
9947,16
9948,27
9949,74
9950,70
9951,59
9952,62
9953,23
9954,88
9955,30
9956,86
9957,10
9958,60
9959,73
9960,12
9961,78
9962,29
9963,13
9964,80
9965,75
9966,28
9967,19
9968,0
9969,54
9970,69
9971,7
9972,4
9973,53
9974,53
9975,31
9976,23
9977,86
9978,18
9979,51
9980,53
9981,17
9982,45
9983,24
9984,87
9985,52
9986,9
9987,7
9988,0
9989,47
9990,74
9991,17
9992,10
9993,35
9994,61
9995,99
9996,12
9997,7
9998,4
9999,88
